ISO-10303-21;
HEADER;
/* Generated by software containing ST-Developer
 * from STEP Tools, Inc. (www.steptools.com) 
 */
/* OPTION: using custom renumber hook */

FILE_DESCRIPTION(
/* description */ ('STEP AP242 Edition 2',
'CAx-IF Rec.Pracs.---Representation and Presentation of Product Manufa
cturing Information (PMI)---4.0---2014-10-13',
'CAx-IF Rec.Pracs.---3D Tessellated Geometry---0.4---2014-09-14','2;1',
'CAx-IF Rec.Pracs.---User Defined Attributes---1.5---2016-08-15'),
/* implementation_level */ '2;1');

FILE_NAME(
/* name */ 'CHERRYMX CAD_CAM KEYCAPS - 4D8',
/* time_stamp */ '2026-09-25T10:45:43Z',
/* author */ (''),
/* organization */ (''),
/* preprocessor_version */ 'ST-DEVELOPER v20',
/* originating_system */ 'ONSHAPE BY PTC INC, 1.221',
/* authorisation */ '  ');

FILE_SCHEMA (('AP242_MANAGED_MODEL_BASED_3D_ENGINEERING_MIM_LF { 1 0 10303 442 3 1 4 }'));
ENDSEC;

DATA;
#10=SHAPE_REPRESENTATION_RELATIONSHIP('','',#2588,#11);
#11=ADVANCED_BREP_SHAPE_REPRESENTATION('',(#2586),#4921);
#12=TOROIDAL_SURFACE('',#2738,0.00158168342408042,0.000254211797650465);
#13=TOROIDAL_SURFACE('',#2739,0.00158110431530544,0.000254137715774864);
#14=B_SPLINE_SURFACE_WITH_KNOTS('',3,3,((#3669,#3670,#3671,#3672,#3673,
#3674,#3675,#3676,#3677,#3678,#3679,#3680,#3681),(#3682,#3683,#3684,#3685,
#3686,#3687,#3688,#3689,#3690,#3691,#3692,#3693,#3694),(#3695,#3696,#3697,
#3698,#3699,#3700,#3701,#3702,#3703,#3704,#3705,#3706,#3707),(#3708,#3709,
#3710,#3711,#3712,#3713,#3714,#3715,#3716,#3717,#3718,#3719,#3720),(#3721,
#3722,#3723,#3724,#3725,#3726,#3727,#3728,#3729,#3730,#3731,#3732,#3733)),
 .UNSPECIFIED.,.F.,.F.,.F.,(4,1,4),(4,1,1,1,2,1,1,2,4),(0.,0.571428571428571,
1.),(0.,0.272956510493604,0.545913020987209,1.09182604197442,2.72956510493604,
6.84103654561389,8.21152702583984,9.58201750606579,9.79699807866094),
 .UNSPECIFIED.);
#15=B_SPLINE_SURFACE_WITH_KNOTS('',3,3,((#3751,#3752,#3753,#3754),(#3755,
#3756,#3757,#3758),(#3759,#3760,#3761,#3762),(#3763,#3764,#3765,#3766)),
 .UNSPECIFIED.,.F.,.F.,.F.,(4,4),(4,4),(-2.57477723845623E-12,1.00000000000181),
(-0.154144121825776,1.),.UNSPECIFIED.);
#16=B_SPLINE_SURFACE_WITH_KNOTS('',3,3,((#3862,#3863,#3864,#3865),(#3866,
#3867,#3868,#3869),(#3870,#3871,#3872,#3873),(#3874,#3875,#3876,#3877),
(#3878,#3879,#3880,#3881),(#3882,#3883,#3884,#3885),(#3886,#3887,#3888,
#3889)),.UNSPECIFIED.,.F.,.F.,.F.,(4,1,1,1,4),(4,4),(0.,0.285714285714286,
0.571428571428571,0.857142857142857,1.),(-0.134873790498029,1.),
 .UNSPECIFIED.);
#17=B_SPLINE_SURFACE_WITH_KNOTS('',3,3,((#3895,#3896,#3897,#3898),(#3899,
#3900,#3901,#3902),(#3903,#3904,#3905,#3906),(#3907,#3908,#3909,#3910),
(#3911,#3912,#3913,#3914),(#3915,#3916,#3917,#3918),(#3919,#3920,#3921,
#3922)),.UNSPECIFIED.,.F.,.F.,.F.,(4,1,1,1,4),(4,4),(0.,0.285714285714286,
0.571428571428571,0.857142857142857,1.),(-0.0867487416572917,1.),
 .UNSPECIFIED.);
#18=B_SPLINE_SURFACE_WITH_KNOTS('',3,3,((#4311,#4312,#4313,#4314,#4315,
#4316,#4317),(#4318,#4319,#4320,#4321,#4322,#4323,#4324),(#4325,#4326,#4327,
#4328,#4329,#4330,#4331),(#4332,#4333,#4334,#4335,#4336,#4337,#4338)),
 .UNSPECIFIED.,.F.,.F.,.F.,(4,4),(4,3,4),(0.0526662715174804,0.94565226857001),
(-0.0347801360961024,-0.0266453921321764,0.956035912124322),
 .PIECEWISE_BEZIER_KNOTS.);
#19=B_SPLINE_SURFACE_WITH_KNOTS('',3,3,((#4598,#4599,#4600,#4601,#4602,
#4603,#4604,#4605,#4606,#4607,#4608,#4609,#4610),(#4611,#4612,#4613,#4614,
#4615,#4616,#4617,#4618,#4619,#4620,#4621,#4622,#4623),(#4624,#4625,#4626,
#4627,#4628,#4629,#4630,#4631,#4632,#4633,#4634,#4635,#4636),(#4637,#4638,
#4639,#4640,#4641,#4642,#4643,#4644,#4645,#4646,#4647,#4648,#4649),(#4650,
#4651,#4652,#4653,#4654,#4655,#4656,#4657,#4658,#4659,#4660,#4661,#4662)),
 .UNSPECIFIED.,.F.,.F.,.F.,(4,1,4),(4,1,1,1,2,1,1,2,4),(0.,0.571428571428571,
1.),(0.,0.272956510789765,0.545913021579531,1.09182604315906,2.72956510789765,
6.8410365485805,8.21152702880812,9.58201750903573,9.79699807867384),
 .UNSPECIFIED.);
#20=B_SPLINE_SURFACE_WITH_KNOTS('',3,3,((#4675,#4676,#4677,#4678,#4679,
#4680),(#4681,#4682,#4683,#4684,#4685,#4686),(#4687,#4688,#4689,#4690,#4691,
#4692),(#4693,#4694,#4695,#4696,#4697,#4698),(#4699,#4700,#4701,#4702,#4703,
#4704)),.UNSPECIFIED.,.F.,.F.,.F.,(4,1,4),(4,1,1,4),(0.,0.571428571428571,
1.),(0.,0.750691999892191,1.50138399978438,2.62742199962267),
 .UNSPECIFIED.);
#21=B_SPLINE_SURFACE_WITH_KNOTS('',3,3,((#4705,#4706,#4707,#4708,#4709,
#4710,#4711),(#4712,#4713,#4714,#4715,#4716,#4717,#4718),(#4719,#4720,#4721,
#4722,#4723,#4724,#4725),(#4726,#4727,#4728,#4729,#4730,#4731,#4732),(#4733,
#4734,#4735,#4736,#4737,#4738,#4739)),.UNSPECIFIED.,.F.,.F.,.F.,(4,1,4),
(4,1,1,1,4),(0.,0.571428571428571,1.),(0.,0.375345999905173,1.12603799971552,
1.87672999952587,2.62742199933621),.UNSPECIFIED.);
#22=B_SPLINE_SURFACE_WITH_KNOTS('',3,3,((#4745,#4746,#4747,#4748,#4749,
#4750,#4751),(#4752,#4753,#4754,#4755,#4756,#4757,#4758),(#4759,#4760,#4761,
#4762,#4763,#4764,#4765),(#4766,#4767,#4768,#4769,#4770,#4771,#4772)),
 .UNSPECIFIED.,.F.,.F.,.F.,(4,4),(4,3,4),(0.0526662715175013,0.94565221567192),
(-0.0347801553600021,-0.026645420633432,0.956035912124733),
 .PIECEWISE_BEZIER_KNOTS.);
#23=B_SPLINE_SURFACE_WITH_KNOTS('',3,3,((#4787,#4788,#4789,#4790),(#4791,
#4792,#4793,#4794),(#4795,#4796,#4797,#4798),(#4799,#4800,#4801,#4802),
(#4803,#4804,#4805,#4806),(#4807,#4808,#4809,#4810),(#4811,#4812,#4813,
#4814)),.UNSPECIFIED.,.F.,.F.,.F.,(4,1,1,1,4),(4,4),(-7.26268833408347E-12,
0.285714285710293,0.571428571427849,0.857142857145404,1.00000000000418),
(-0.0867487416985687,1.),.UNSPECIFIED.);
#24=B_SPLINE_SURFACE_WITH_KNOTS('',3,3,((#4816,#4817,#4818,#4819),(#4820,
#4821,#4822,#4823),(#4824,#4825,#4826,#4827),(#4828,#4829,#4830,#4831)),
 .UNSPECIFIED.,.F.,.F.,.F.,(4,4),(4,4),(-4.4505733651658E-12,1.00000000000484),
(-0.154144121803709,1.),.UNSPECIFIED.);
#25=B_SPLINE_SURFACE_WITH_KNOTS('',3,3,((#4833,#4834,#4835,#4836),(#4837,
#4838,#4839,#4840),(#4841,#4842,#4843,#4844),(#4845,#4846,#4847,#4848),
(#4849,#4850,#4851,#4852),(#4853,#4854,#4855,#4856),(#4857,#4858,#4859,
#4860)),.UNSPECIFIED.,.F.,.F.,.F.,(4,1,1,1,4),(4,4),(-1.18188918761308E-12,
0.142857142856804,0.428571428572774,0.714285714288745,1.00000000000472),
(-0.134873790438583,1.),.UNSPECIFIED.);
#26=CYLINDRICAL_SURFACE('',#2598,0.040422662707208);
#27=CYLINDRICAL_SURFACE('',#2602,0.0404226627070553);
#28=CYLINDRICAL_SURFACE('',#2605,0.00025032266057428);
#29=CYLINDRICAL_SURFACE('',#2606,0.000250332072356103);
#30=CYLINDRICAL_SURFACE('',#2613,0.0417300529639636);
#31=CYLINDRICAL_SURFACE('',#2621,0.0403632702591279);
#32=CYLINDRICAL_SURFACE('',#2628,0.003);
#33=CYLINDRICAL_SURFACE('',#2636,0.0403599651031355);
#34=CYLINDRICAL_SURFACE('',#2648,0.003);
#35=CYLINDRICAL_SURFACE('',#2660,0.0404226627071727);
#36=CYLINDRICAL_SURFACE('',#2665,0.0404226627071445);
#37=CYLINDRICAL_SURFACE('',#2672,0.0403632702590804);
#38=CYLINDRICAL_SURFACE('',#2673,0.0403632702592464);
#39=CYLINDRICAL_SURFACE('',#2683,0.0403632702591391);
#40=CYLINDRICAL_SURFACE('',#2684,0.0403632702590929);
#41=CYLINDRICAL_SURFACE('',#2703,0.0404226627070152);
#42=CYLINDRICAL_SURFACE('',#2704,0.0404226627072172);
#43=CYLINDRICAL_SURFACE('',#2705,0.0403632702592242);
#44=CYLINDRICAL_SURFACE('',#2706,0.0404226627071899);
#45=CYLINDRICAL_SURFACE('',#2710,0.0403599651031782);
#46=CYLINDRICAL_SURFACE('',#2715,0.0403599651033597);
#47=CYLINDRICAL_SURFACE('',#2718,0.0403632702593055);
#48=CYLINDRICAL_SURFACE('',#2719,0.0404226627072465);
#49=CYLINDRICAL_SURFACE('',#2722,0.0403632702590719);
#50=CYLINDRICAL_SURFACE('',#2744,0.003);
#51=B_SPLINE_CURVE_WITH_KNOTS('',3,(#3384,#3385,#3386,#3387),
 .UNSPECIFIED.,.F.,.F.,(4,4),(4.33095226294027E-8,0.999999999949984),
 .UNSPECIFIED.);
#52=B_SPLINE_CURVE_WITH_KNOTS('',3,(#3395,#3396,#3397,#3398),
 .UNSPECIFIED.,.F.,.F.,(4,4),(4.33770241937476E-8,1.),.UNSPECIFIED.);
#53=B_SPLINE_CURVE_WITH_KNOTS('',3,(#3409,#3410,#3411,#3412),
 .UNSPECIFIED.,.F.,.F.,(4,4),(0.,0.018399999826562),.UNSPECIFIED.);
#54=B_SPLINE_CURVE_WITH_KNOTS('',3,(#3416,#3417,#3418,#3419,#3420),
 .UNSPECIFIED.,.F.,.F.,(4,1,4),(0.,0.00203340638094794,0.00406681276189587),
 .UNSPECIFIED.);
#55=B_SPLINE_CURVE_WITH_KNOTS('',3,(#3422,#3423,#3424,#3425),
 .UNSPECIFIED.,.F.,.F.,(4,4),(0.,0.01574265594995),.UNSPECIFIED.);
#56=B_SPLINE_CURVE_WITH_KNOTS('',3,(#3433,#3434,#3435,#3436,#3437),
 .UNSPECIFIED.,.F.,.F.,(4,1,4),(2.5820667561483E-14,0.00203374416917568,
0.00406748833832554),.UNSPECIFIED.);
#57=B_SPLINE_CURVE_WITH_KNOTS('',3,(#3442,#3443,#3444,#3445),
 .UNSPECIFIED.,.F.,.F.,(4,4),(0.,0.00384306708884951),.UNSPECIFIED.);
#58=B_SPLINE_CURVE_WITH_KNOTS('',3,(#3447,#3448,#3449,#3450),
 .UNSPECIFIED.,.F.,.F.,(4,4),(3.21860165521095E-17,0.0073894897674615),
 .UNSPECIFIED.);
#59=B_SPLINE_CURVE_WITH_KNOTS('',3,(#3452,#3453,#3454,#3455),
 .UNSPECIFIED.,.F.,.F.,(4,4),(0.,0.000977270454838641),.UNSPECIFIED.);
#60=B_SPLINE_CURVE_WITH_KNOTS('',3,(#3457,#3458,#3459,#3460),
 .UNSPECIFIED.,.F.,.F.,(4,4),(0.,1.),.UNSPECIFIED.);
#61=B_SPLINE_CURVE_WITH_KNOTS('',3,(#3469,#3470,#3471,#3472),
 .UNSPECIFIED.,.F.,.F.,(4,4),(0.,1.),.UNSPECIFIED.);
#62=B_SPLINE_CURVE_WITH_KNOTS('',3,(#3475,#3476,#3477,#3478),
 .UNSPECIFIED.,.F.,.F.,(4,4),(0.,1.),.UNSPECIFIED.);
#63=B_SPLINE_CURVE_WITH_KNOTS('',3,(#3479,#3480,#3481,#3482),
 .UNSPECIFIED.,.F.,.F.,(4,4),(0.,1.),.UNSPECIFIED.);
#64=B_SPLINE_CURVE_WITH_KNOTS('',3,(#3484,#3485,#3486,#3487),
 .UNSPECIFIED.,.F.,.F.,(4,4),(0.,1.),.UNSPECIFIED.);
#65=B_SPLINE_CURVE_WITH_KNOTS('',3,(#3490,#3491,#3492,#3493),
 .UNSPECIFIED.,.F.,.F.,(4,4),(0.,1.),.UNSPECIFIED.);
#66=B_SPLINE_CURVE_WITH_KNOTS('',3,(#3495,#3496,#3497,#3498),
 .UNSPECIFIED.,.F.,.F.,(4,4),(0.,1.),.UNSPECIFIED.);
#67=B_SPLINE_CURVE_WITH_KNOTS('',3,(#3500,#3501,#3502,#3503),
 .UNSPECIFIED.,.F.,.F.,(4,4),(0.,1.),.UNSPECIFIED.);
#68=B_SPLINE_CURVE_WITH_KNOTS('',3,(#3514,#3515,#3516,#3517),
 .UNSPECIFIED.,.F.,.F.,(4,4),(7.58941520739853E-19,0.000390570171816525),
 .UNSPECIFIED.);
#69=B_SPLINE_CURVE_WITH_KNOTS('',3,(#3518,#3519,#3520,#3521),
 .UNSPECIFIED.,.F.,.F.,(4,4),(1.85805336708892E-15,0.000390570171772931),
 .UNSPECIFIED.);
#70=B_SPLINE_CURVE_WITH_KNOTS('',3,(#3525,#3526,#3527,#3528),
 .UNSPECIFIED.,.F.,.F.,(4,4),(6.21374074770193E-15,0.000390471780806797),
 .UNSPECIFIED.);
#71=B_SPLINE_CURVE_WITH_KNOTS('',3,(#3529,#3530,#3531,#3532),
 .UNSPECIFIED.,.F.,.F.,(4,4),(1.725961812597E-15,0.000390581108700083),
 .UNSPECIFIED.);
#72=B_SPLINE_CURVE_WITH_KNOTS('',3,(#3533,#3534,#3535,#3536),
 .UNSPECIFIED.,.F.,.F.,(4,4),(2.22499969837475E-15,0.0158990277494756),
 .UNSPECIFIED.);
#73=B_SPLINE_CURVE_WITH_KNOTS('',3,(#3541,#3542,#3543,#3544),
 .UNSPECIFIED.,.F.,.F.,(4,4),(1.07570578144527E-10,0.0158990265742797),
 .UNSPECIFIED.);
#74=B_SPLINE_CURVE_WITH_KNOTS('',3,(#3586,#3587,#3588,#3589),
 .UNSPECIFIED.,.F.,.F.,(4,4),(-0.230798494705162,-0.124844469654348),
 .UNSPECIFIED.);
#75=B_SPLINE_CURVE_WITH_KNOTS('',3,(#3595,#3596,#3597,#3598,#3599),
 .UNSPECIFIED.,.F.,.F.,(4,1,4),(0.,0.5,1.),.UNSPECIFIED.);
#76=B_SPLINE_CURVE_WITH_KNOTS('',3,(#3601,#3602,#3603,#3604,#3605,#3606,
#3607,#3608,#3609,#3610,#3611,#3612,#3613,#3614,#3615,#3616,#3617,#3618,
#3619,#3620,#3621,#3622,#3623,#3624,#3625,#3626,#3627,#3628,#3629),
 .UNSPECIFIED.,.F.,.F.,(4,1,1,1,1,1,1,1,1,1,1,1,1,1,1,1,1,1,1,1,1,1,1,1,
1,1,4),(0.,0.03125,0.046875,0.0625,0.078125,0.09375,0.109375,0.125,0.140625,
0.15625,0.1875,0.21875,0.25,0.3125,0.375,0.4375,0.5,0.5625,0.625,0.6875,
0.75,0.8125,0.875,0.90625,0.921875,0.9375,1.),.UNSPECIFIED.);
#77=B_SPLINE_CURVE_WITH_KNOTS('',3,(#3631,#3632,#3633,#3634,#3635),
 .UNSPECIFIED.,.F.,.F.,(4,1,4),(0.,0.5,1.),.UNSPECIFIED.);
#78=B_SPLINE_CURVE_WITH_KNOTS('',3,(#3636,#3637,#3638,#3639,#3640),
 .UNSPECIFIED.,.F.,.F.,(4,1,4),(0.,0.5,1.),.UNSPECIFIED.);
#79=B_SPLINE_CURVE_WITH_KNOTS('',3,(#3642,#3643,#3644,#3645,#3646,#3647,
#3648,#3649,#3650,#3651,#3652,#3653,#3654,#3655,#3656,#3657,#3658,#3659,
#3660,#3661,#3662),.UNSPECIFIED.,.F.,.F.,(4,1,1,1,1,1,1,1,1,1,1,1,1,1,1,
1,1,1,4),(0.,0.03125,0.0625,0.078125,0.09375,0.125,0.1875,0.25,0.3125,0.375,
0.4375,0.5,0.5625,0.625,0.6875,0.75,0.8125,0.875,1.),.UNSPECIFIED.);
#80=B_SPLINE_CURVE_WITH_KNOTS('',3,(#3664,#3665,#3666,#3667,#3668),
 .UNSPECIFIED.,.F.,.F.,(4,1,4),(0.,0.5,1.),.UNSPECIFIED.);
#81=B_SPLINE_CURVE_WITH_KNOTS('',3,(#3734,#3735,#3736,#3737),
 .UNSPECIFIED.,.F.,.F.,(4,4),(0.,1.),.UNSPECIFIED.);
#82=B_SPLINE_CURVE_WITH_KNOTS('',3,(#3739,#3740,#3741,#3742,#3743,#3744,
#3745),.UNSPECIFIED.,.F.,.F.,(4,1,1,1,4),(-9.79699807866094,-7.34774855899571,
-4.89849903933047,-2.44924951966524,0.),.UNSPECIFIED.);
#83=B_SPLINE_CURVE_WITH_KNOTS('',3,(#3747,#3748,#3749,#3750),
 .UNSPECIFIED.,.F.,.F.,(4,4),(0.,62.7516195362486),.UNSPECIFIED.);
#84=B_SPLINE_CURVE_WITH_KNOTS('',3,(#3772,#3773,#3774,#3775),
 .UNSPECIFIED.,.F.,.F.,(4,4),(0.,0.0183999998265645),.UNSPECIFIED.);
#85=B_SPLINE_CURVE_WITH_KNOTS('',3,(#3780,#3781,#3782,#3783),
 .UNSPECIFIED.,.F.,.F.,(4,4),(0.,0.0183999998264755),.UNSPECIFIED.);
#86=B_SPLINE_CURVE_WITH_KNOTS('',3,(#3791,#3792,#3793,#3794),
 .UNSPECIFIED.,.F.,.F.,(4,4),(0.,0.018399999826556),.UNSPECIFIED.);
#87=B_SPLINE_CURVE_WITH_KNOTS('',3,(#3802,#3803,#3804,#3805),
 .UNSPECIFIED.,.F.,.F.,(4,4),(0.,0.0183999998265635),.UNSPECIFIED.);
#88=B_SPLINE_CURVE_WITH_KNOTS('',3,(#3813,#3814,#3815,#3816),
 .UNSPECIFIED.,.F.,.F.,(4,4),(0.,0.0183999998265325),.UNSPECIFIED.);
#89=B_SPLINE_CURVE_WITH_KNOTS('',3,(#3824,#3825,#3826,#3827),
 .UNSPECIFIED.,.F.,.F.,(4,4),(0.,0.0038430670557964),.UNSPECIFIED.);
#90=B_SPLINE_CURVE_WITH_KNOTS('',3,(#3829,#3830,#3831,#3832),
 .UNSPECIFIED.,.F.,.F.,(4,4),(0.,0.00601711752559351),.UNSPECIFIED.);
#91=B_SPLINE_CURVE_WITH_KNOTS('',3,(#3833,#3834,#3835,#3836),
 .UNSPECIFIED.,.F.,.F.,(4,4),(0.,0.00601711766041529),.UNSPECIFIED.);
#92=B_SPLINE_CURVE_WITH_KNOTS('',3,(#3845,#3846,#3847,#3848),
 .UNSPECIFIED.,.F.,.F.,(4,4),(0.,0.00149999991268196),.UNSPECIFIED.);
#93=B_SPLINE_CURVE_WITH_KNOTS('',3,(#3854,#3855,#3856,#3857),
 .UNSPECIFIED.,.F.,.F.,(4,4),(0.,0.00149999991266897),.UNSPECIFIED.);
#94=B_SPLINE_CURVE_WITH_KNOTS('',3,(#3890,#3891,#3892,#3893,#3894),
 .UNSPECIFIED.,.F.,.F.,(4,1,4),(-2.62742199962267,-1.31371099981134,0.),
 .UNSPECIFIED.);
#95=B_SPLINE_CURVE_WITH_KNOTS('',3,(#3923,#3924,#3925,#3926,#3927),
 .UNSPECIFIED.,.F.,.F.,(4,1,4),(0.,0.5,1.),.UNSPECIFIED.);
#96=B_SPLINE_CURVE_WITH_KNOTS('',3,(#3929,#3930,#3931,#3932,#3933),
 .UNSPECIFIED.,.F.,.F.,(4,1,4),(0.184641994046333,2.22206523146427,4.25948846888221),
 .UNSPECIFIED.);
#97=B_SPLINE_CURVE_WITH_KNOTS('',3,(#3936,#3937,#3938,#3939),
 .UNSPECIFIED.,.F.,.F.,(4,4),(0.263979983193107,1.88724745514618),
 .UNSPECIFIED.);
#98=B_SPLINE_CURVE_WITH_KNOTS('',3,(#3941,#3942,#3943,#3944),
 .UNSPECIFIED.,.F.,.F.,(4,4),(0.,1.),.UNSPECIFIED.);
#99=B_SPLINE_CURVE_WITH_KNOTS('',3,(#3945,#3946,#3947,#3948),
 .UNSPECIFIED.,.F.,.F.,(4,4),(0.,1.),.UNSPECIFIED.);
#100=B_SPLINE_CURVE_WITH_KNOTS('',3,(#3952,#3953,#3954,#3955),
 .UNSPECIFIED.,.F.,.F.,(4,4),(0.,1.),.UNSPECIFIED.);
#101=B_SPLINE_CURVE_WITH_KNOTS('',3,(#3964,#3965,#3966,#3967),
 .UNSPECIFIED.,.F.,.F.,(4,4),(1.14377949427582E-8,0.99999946867559),
 .UNSPECIFIED.);
#102=B_SPLINE_CURVE_WITH_KNOTS('',3,(#3969,#3970,#3971,#3972),
 .UNSPECIFIED.,.F.,.F.,(4,4),(0.,0.00847317973262433),.UNSPECIFIED.);
#103=B_SPLINE_CURVE_WITH_KNOTS('',3,(#3973,#3974,#3975,#3976),
 .UNSPECIFIED.,.F.,.F.,(4,4),(0.,0.00847317973677135),.UNSPECIFIED.);
#104=B_SPLINE_CURVE_WITH_KNOTS('',3,(#3978,#3979,#3980,#3981),
 .UNSPECIFIED.,.F.,.F.,(4,4),(4.2604191505447E-7,1.),.UNSPECIFIED.);
#105=B_SPLINE_CURVE_WITH_KNOTS('',3,(#3989,#3990,#3991,#3992),
 .UNSPECIFIED.,.F.,.F.,(4,4),(2.36358336208904E-9,1.),.UNSPECIFIED.);
#106=B_SPLINE_CURVE_WITH_KNOTS('',3,(#4000,#4001,#4002,#4003),
 .UNSPECIFIED.,.F.,.F.,(4,4),(0.,1.),.UNSPECIFIED.);
#107=B_SPLINE_CURVE_WITH_KNOTS('',3,(#4011,#4012,#4013,#4014),
 .UNSPECIFIED.,.F.,.F.,(4,4),(0.,1.00000000000109),.UNSPECIFIED.);
#108=B_SPLINE_CURVE_WITH_KNOTS('',3,(#4022,#4023,#4024,#4025),
 .UNSPECIFIED.,.F.,.F.,(4,4),(2.36328468796061E-9,1.),.UNSPECIFIED.);
#109=B_SPLINE_CURVE_WITH_KNOTS('',3,(#4029,#4030,#4031,#4032),
 .UNSPECIFIED.,.F.,.F.,(4,4),(4.33849622891553E-8,1.),.UNSPECIFIED.);
#110=B_SPLINE_CURVE_WITH_KNOTS('',3,(#4048,#4049,#4050,#4051),
 .UNSPECIFIED.,.F.,.F.,(4,4),(4.33190150373052E-8,0.999999999954037),
 .UNSPECIFIED.);
#111=B_SPLINE_CURVE_WITH_KNOTS('',3,(#4069,#4070,#4071,#4072),
 .UNSPECIFIED.,.F.,.F.,(4,4),(0.,0.00149999991467903),.UNSPECIFIED.);
#112=B_SPLINE_CURVE_WITH_KNOTS('',3,(#4082,#4083,#4084,#4085,#4086),
 .UNSPECIFIED.,.F.,.F.,(4,1,4),(0.,0.00203340638096233,0.00406681276192466),
 .UNSPECIFIED.);
#113=B_SPLINE_CURVE_WITH_KNOTS('',3,(#4091,#4092,#4093,#4094,#4095),
 .UNSPECIFIED.,.F.,.F.,(4,1,4),(0.,0.00202481882442019,0.00404963764884039),
 .UNSPECIFIED.);
#114=B_SPLINE_CURVE_WITH_KNOTS('',3,(#4103,#4104,#4105,#4106,#4107),
 .UNSPECIFIED.,.F.,.F.,(4,1,4),(4.20095250081311E-10,0.0020247804976347,
0.00404956057517415),.UNSPECIFIED.);
#115=B_SPLINE_CURVE_WITH_KNOTS('',3,(#4115,#4116,#4117,#4118,#4119),
 .UNSPECIFIED.,.F.,.F.,(4,1,4),(2.5820667561483E-14,0.00203374416918703,
0.00406748833834824),.UNSPECIFIED.);
#116=B_SPLINE_CURVE_WITH_KNOTS('',3,(#4134,#4135,#4136,#4137),
 .UNSPECIFIED.,.F.,.F.,(4,4),(-8.9928109865856E-12,0.999999956562524),
 .UNSPECIFIED.);
#117=B_SPLINE_CURVE_WITH_KNOTS('',3,(#4141,#4142,#4143,#4144),
 .UNSPECIFIED.,.F.,.F.,(4,4),(0.,0.00149999990638555),.UNSPECIFIED.);
#118=B_SPLINE_CURVE_WITH_KNOTS('',3,(#4148,#4149,#4150,#4151),
 .UNSPECIFIED.,.F.,.F.,(4,4),(0.,0.00149999991268301),.UNSPECIFIED.);
#119=B_SPLINE_CURVE_WITH_KNOTS('',3,(#4155,#4156,#4157,#4158),
 .UNSPECIFIED.,.F.,.F.,(4,4),(6.64468474936193E-11,1.),.UNSPECIFIED.);
#120=B_SPLINE_CURVE_WITH_KNOTS('',3,(#4162,#4163,#4164,#4165),
 .UNSPECIFIED.,.F.,.F.,(4,4),(0.,0.00149999991266297),.UNSPECIFIED.);
#121=B_SPLINE_CURVE_WITH_KNOTS('',3,(#4169,#4170,#4171,#4172),
 .UNSPECIFIED.,.F.,.F.,(4,4),(0.,0.00149999991468447),.UNSPECIFIED.);
#122=B_SPLINE_CURVE_WITH_KNOTS('',3,(#4214,#4215,#4216,#4217,#4218),
 .UNSPECIFIED.,.F.,.F.,(4,1,4),(0.,0.00203340638096525,0.0040668127619305),
 .UNSPECIFIED.);
#123=B_SPLINE_CURVE_WITH_KNOTS('',3,(#4226,#4227,#4228,#4229,#4230),
 .UNSPECIFIED.,.F.,.F.,(4,1,4),(0.,0.00202481883038725,0.0040496376607745),
 .UNSPECIFIED.);
#124=B_SPLINE_CURVE_WITH_KNOTS('',3,(#4238,#4239,#4240,#4241,#4242),
 .UNSPECIFIED.,.F.,.F.,(4,1,4),(7.30955956310522E-10,0.00202478077246871,
0.00404956081398146),.UNSPECIFIED.);
#125=B_SPLINE_CURVE_WITH_KNOTS('',3,(#4250,#4251,#4252,#4253,#4254),
 .UNSPECIFIED.,.F.,.F.,(4,1,4),(2.5820667561483E-14,0.00203374416932951,
0.00406748833863321),.UNSPECIFIED.);
#126=B_SPLINE_CURVE_WITH_KNOTS('',3,(#4270,#4271,#4272,#4273),
 .UNSPECIFIED.,.F.,.F.,(4,4),(0.,0.015742655949966),.UNSPECIFIED.);
#127=B_SPLINE_CURVE_WITH_KNOTS('',3,(#4277,#4278,#4279,#4280),
 .UNSPECIFIED.,.F.,.F.,(4,4),(0.,0.000988399025236268),.UNSPECIFIED.);
#128=B_SPLINE_CURVE_WITH_KNOTS('',3,(#4282,#4283,#4284,#4285),
 .UNSPECIFIED.,.F.,.F.,(4,4),(6.50521303491303E-17,0.00321236027873224),
 .UNSPECIFIED.);
#129=B_SPLINE_CURVE_WITH_KNOTS('',3,(#4291,#4292,#4293,#4294),
 .UNSPECIFIED.,.F.,.F.,(4,4),(1.00796987916441E-16,0.00313537503574688),
 .UNSPECIFIED.);
#130=B_SPLINE_CURVE_WITH_KNOTS('',3,(#4296,#4297,#4298,#4299),
 .UNSPECIFIED.,.F.,.F.,(4,4),(0.,0.000977270352695347),.UNSPECIFIED.);
#131=B_SPLINE_CURVE_WITH_KNOTS('',3,(#4301,#4302,#4303,#4304),
 .UNSPECIFIED.,.F.,.F.,(4,4),(0.,0.000650437911223301),.UNSPECIFIED.);
#132=B_SPLINE_CURVE_WITH_KNOTS('',3,(#4306,#4307,#4308,#4309),
 .UNSPECIFIED.,.F.,.F.,(4,4),(7.152448122691E-18,0.00738948977305316),
 .UNSPECIFIED.);
#133=B_SPLINE_CURVE_WITH_KNOTS('',3,(#4339,#4340,#4341,#4342),
 .UNSPECIFIED.,.F.,.F.,(4,4),(0.,0.00428994897016694),.UNSPECIFIED.);
#134=B_SPLINE_CURVE_WITH_KNOTS('',3,(#4351,#4352,#4353,#4354),
 .UNSPECIFIED.,.F.,.F.,(4,4),(0.,0.999999994680249),.UNSPECIFIED.);
#135=B_SPLINE_CURVE_WITH_KNOTS('',3,(#4356,#4357,#4358,#4359),
 .UNSPECIFIED.,.F.,.F.,(4,4),(0.124844469710735,0.230798494757302),
 .UNSPECIFIED.);
#136=B_SPLINE_CURVE_WITH_KNOTS('',3,(#4375,#4376,#4377,#4378),
 .UNSPECIFIED.,.F.,.F.,(4,4),(0.,0.999999997423557),.UNSPECIFIED.);
#137=B_SPLINE_CURVE_WITH_KNOTS('',3,(#4380,#4381,#4382,#4383),
 .UNSPECIFIED.,.F.,.F.,(4,4),(0.124844469676967,0.23079849472543),
 .UNSPECIFIED.);
#138=B_SPLINE_CURVE_WITH_KNOTS('',3,(#4385,#4386,#4387,#4388),
 .UNSPECIFIED.,.F.,.F.,(4,4),(-0.230798494737342,-0.124844469688217),
 .UNSPECIFIED.);
#139=B_SPLINE_CURVE_WITH_KNOTS('',3,(#4390,#4391,#4392,#4393),
 .UNSPECIFIED.,.F.,.F.,(4,4),(-9.87323269083392E-14,1.),.UNSPECIFIED.);
#140=B_SPLINE_CURVE_WITH_KNOTS('',3,(#4399,#4400,#4401,#4402),
 .UNSPECIFIED.,.F.,.F.,(4,4),(0.124844469699832,0.230798494747969),
 .UNSPECIFIED.);
#141=B_SPLINE_CURVE_WITH_KNOTS('',3,(#4412,#4413,#4414,#4415),
 .UNSPECIFIED.,.F.,.F.,(4,4),(0.,1.),.UNSPECIFIED.);
#142=B_SPLINE_CURVE_WITH_KNOTS('',3,(#4422,#4423,#4424,#4425),
 .UNSPECIFIED.,.F.,.F.,(4,4),(-0.230798494747969,-0.124844469699832),
 .UNSPECIFIED.);
#143=B_SPLINE_CURVE_WITH_KNOTS('',3,(#4449,#4450,#4451,#4452),
 .UNSPECIFIED.,.F.,.F.,(4,4),(0.,0.018399999826563),.UNSPECIFIED.);
#144=B_SPLINE_CURVE_WITH_KNOTS('',3,(#4456,#4457,#4458,#4459),
 .UNSPECIFIED.,.F.,.F.,(4,4),(0.,0.0157426559500525),.UNSPECIFIED.);
#145=B_SPLINE_CURVE_WITH_KNOTS('',3,(#4473,#4474,#4475,#4476),
 .UNSPECIFIED.,.F.,.F.,(4,4),(0.,0.0157426559500276),.UNSPECIFIED.);
#146=B_SPLINE_CURVE_WITH_KNOTS('',3,(#4487,#4488,#4489,#4490),
 .UNSPECIFIED.,.F.,.F.,(4,4),(0.,0.00149999991466904),.UNSPECIFIED.);
#147=B_SPLINE_CURVE_WITH_KNOTS('',3,(#4491,#4492,#4493,#4494),
 .UNSPECIFIED.,.F.,.F.,(4,4),(0.,0.00149999991268052),.UNSPECIFIED.);
#148=B_SPLINE_CURVE_WITH_KNOTS('',3,(#4499,#4500,#4501,#4502),
 .UNSPECIFIED.,.F.,.F.,(4,4),(0.,0.00149999991266203),.UNSPECIFIED.);
#149=B_SPLINE_CURVE_WITH_KNOTS('',3,(#4505,#4506,#4507,#4508),
 .UNSPECIFIED.,.F.,.F.,(4,4),(0.,0.00149999991467997),.UNSPECIFIED.);
#150=B_SPLINE_CURVE_WITH_KNOTS('',3,(#4511,#4512,#4513,#4514),
 .UNSPECIFIED.,.F.,.F.,(4,4),(0.,0.001499999906387),.UNSPECIFIED.);
#151=B_SPLINE_CURVE_WITH_KNOTS('',3,(#4516,#4517,#4518,#4519),
 .UNSPECIFIED.,.F.,.F.,(4,4),(-0.230798494716024,-0.124844469666098),
 .UNSPECIFIED.);
#152=B_SPLINE_CURVE_WITH_KNOTS('',3,(#4521,#4522,#4523,#4524),
 .UNSPECIFIED.,.F.,.F.,(4,4),(0.,1.),.UNSPECIFIED.);
#153=B_SPLINE_CURVE_WITH_KNOTS('',3,(#4526,#4527,#4528,#4529),
 .UNSPECIFIED.,.F.,.F.,(4,4),(0.124844469666098,0.230798494716024),
 .UNSPECIFIED.);
#154=B_SPLINE_CURVE_WITH_KNOTS('',3,(#4535,#4536,#4537,#4538),
 .UNSPECIFIED.,.F.,.F.,(4,4),(0.,0.0183999998265195),.UNSPECIFIED.);
#155=B_SPLINE_CURVE_WITH_KNOTS('',3,(#4540,#4541,#4542,#4543,#4544),
 .UNSPECIFIED.,.F.,.F.,(4,1,4),(7.30948793089429E-10,0.00202478083346895,
0.00404956093598911),.UNSPECIFIED.);
#156=B_SPLINE_CURVE_WITH_KNOTS('',3,(#4547,#4548,#4549,#4550),
 .UNSPECIFIED.,.F.,.F.,(4,4),(0.,0.000988399120589645),.UNSPECIFIED.);
#157=B_SPLINE_CURVE_WITH_KNOTS('',3,(#4552,#4553,#4554,#4555),
 .UNSPECIFIED.,.F.,.F.,(4,4),(0.,0.00428994903808),.UNSPECIFIED.);
#158=B_SPLINE_CURVE_WITH_KNOTS('',3,(#4588,#4589,#4590,#4591),
 .UNSPECIFIED.,.F.,.F.,(4,4),(0.,1.),.UNSPECIFIED.);
#159=B_SPLINE_CURVE_WITH_KNOTS('',3,(#4593,#4594,#4595,#4596,#4597),
 .UNSPECIFIED.,.F.,.F.,(4,1,4),(0.,0.5,1.),.UNSPECIFIED.);
#160=B_SPLINE_CURVE_WITH_KNOTS('',3,(#4663,#4664,#4665,#4666),
 .UNSPECIFIED.,.F.,.F.,(4,4),(0.,62.7516195364144),.UNSPECIFIED.);
#161=B_SPLINE_CURVE_WITH_KNOTS('',3,(#4668,#4669,#4670,#4671,#4672,#4673,
#4674),.UNSPECIFIED.,.F.,.F.,(4,1,1,1,4),(0.,2.44924951966846,4.89849903933692,
7.34774855900538,9.79699807867384),.UNSPECIFIED.);
#162=B_SPLINE_CURVE_WITH_KNOTS('',3,(#4740,#4741,#4742,#4743,#4744),
 .UNSPECIFIED.,.F.,.F.,(4,1,4),(0.,1.31371099966811,2.62742199933621),
 .UNSPECIFIED.);
#163=B_SPLINE_CURVE_WITH_KNOTS('',3,(#4773,#4774,#4775,#4776),
 .UNSPECIFIED.,.F.,.F.,(4,4),(0.,0.00321238988502311),.UNSPECIFIED.);
#164=B_SPLINE_CURVE_WITH_KNOTS('',3,(#4778,#4779,#4780,#4781),
 .UNSPECIFIED.,.F.,.F.,(4,4),(8.01392276413769E-9,0.000650437118379604),
 .UNSPECIFIED.);
#165=B_SPLINE_CURVE_WITH_KNOTS('',3,(#4783,#4784,#4785,#4786),
 .UNSPECIFIED.,.F.,.F.,(4,4),(0.,0.00313539556716536),.UNSPECIFIED.);
#166=LINE('',#3351,#381);
#167=LINE('',#3354,#382);
#168=LINE('',#3356,#383);
#169=LINE('',#3358,#384);
#170=LINE('',#3360,#385);
#171=LINE('',#3362,#386);
#172=LINE('',#3364,#387);
#173=LINE('',#3366,#388);
#174=LINE('',#3368,#389);
#175=LINE('',#3370,#390);
#176=LINE('',#3372,#391);
#177=LINE('',#3374,#392);
#178=LINE('',#3376,#393);
#179=LINE('',#3380,#394);
#180=LINE('',#3382,#395);
#181=LINE('',#3389,#396);
#182=LINE('',#3391,#397);
#183=LINE('',#3393,#398);
#184=LINE('',#3400,#399);
#185=LINE('',#3404,#400);
#186=LINE('',#3427,#401);
#187=LINE('',#3430,#402);
#188=LINE('',#3431,#403);
#189=LINE('',#3463,#404);
#190=LINE('',#3465,#405);
#191=LINE('',#3467,#406);
#192=LINE('',#3505,#407);
#193=LINE('',#3508,#408);
#194=LINE('',#3509,#409);
#195=LINE('',#3511,#410);
#196=LINE('',#3523,#411);
#197=LINE('',#3539,#412);
#198=LINE('',#3546,#413);
#199=LINE('',#3548,#414);
#200=LINE('',#3551,#415);
#201=LINE('',#3553,#416);
#202=LINE('',#3555,#417);
#203=LINE('',#3557,#418);
#204=LINE('',#3559,#419);
#205=LINE('',#3561,#420);
#206=LINE('',#3563,#421);
#207=LINE('',#3567,#422);
#208=LINE('',#3569,#423);
#209=LINE('',#3571,#424);
#210=LINE('',#3573,#425);
#211=LINE('',#3575,#426);
#212=LINE('',#3577,#427);
#213=LINE('',#3579,#428);
#214=LINE('',#3580,#429);
#215=LINE('',#3584,#430);
#216=LINE('',#3592,#431);
#217=LINE('',#3593,#432);
#218=LINE('',#3767,#433);
#219=LINE('',#3768,#434);
#220=LINE('',#3770,#435);
#221=LINE('',#3777,#436);
#222=LINE('',#3778,#437);
#223=LINE('',#3785,#438);
#224=LINE('',#3787,#439);
#225=LINE('',#3789,#440);
#226=LINE('',#3796,#441);
#227=LINE('',#3798,#442);
#228=LINE('',#3800,#443);
#229=LINE('',#3807,#444);
#230=LINE('',#3809,#445);
#231=LINE('',#3811,#446);
#232=LINE('',#3818,#447);
#233=LINE('',#3820,#448);
#234=LINE('',#3822,#449);
#235=LINE('',#3837,#450);
#236=LINE('',#3839,#451);
#237=LINE('',#3841,#452);
#238=LINE('',#3843,#453);
#239=LINE('',#3852,#454);
#240=LINE('',#3859,#455);
#241=LINE('',#3950,#456);
#242=LINE('',#3957,#457);
#243=LINE('',#3958,#458);
#244=LINE('',#3960,#459);
#245=LINE('',#3962,#460);
#246=LINE('',#3983,#461);
#247=LINE('',#3985,#462);
#248=LINE('',#3987,#463);
#249=LINE('',#3994,#464);
#250=LINE('',#3996,#465);
#251=LINE('',#3998,#466);
#252=LINE('',#4005,#467);
#253=LINE('',#4007,#468);
#254=LINE('',#4009,#469);
#255=LINE('',#4016,#470);
#256=LINE('',#4018,#471);
#257=LINE('',#4020,#472);
#258=LINE('',#4027,#473);
#259=LINE('',#4035,#474);
#260=LINE('',#4037,#475);
#261=LINE('',#4039,#476);
#262=LINE('',#4041,#477);
#263=LINE('',#4044,#478);
#264=LINE('',#4046,#479);
#265=LINE('',#4056,#480);
#266=LINE('',#4058,#481);
#267=LINE('',#4060,#482);
#268=LINE('',#4062,#483);
#269=LINE('',#4065,#484);
#270=LINE('',#4067,#485);
#271=LINE('',#4076,#486);
#272=LINE('',#4080,#487);
#273=LINE('',#4088,#488);
#274=LINE('',#4089,#489);
#275=LINE('',#4097,#490);
#276=LINE('',#4101,#491);
#277=LINE('',#4109,#492);
#278=LINE('',#4113,#493);
#279=LINE('',#4121,#494);
#280=LINE('',#4128,#495);
#281=LINE('',#4130,#496);
#282=LINE('',#4132,#497);
#283=LINE('',#4174,#498);
#284=LINE('',#4176,#499);
#285=LINE('',#4178,#500);
#286=LINE('',#4180,#501);
#287=LINE('',#4182,#502);
#288=LINE('',#4184,#503);
#289=LINE('',#4188,#504);
#290=LINE('',#4191,#505);
#291=LINE('',#4193,#506);
#292=LINE('',#4195,#507);
#293=LINE('',#4197,#508);
#294=LINE('',#4199,#509);
#295=LINE('',#4200,#510);
#296=LINE('',#4201,#511);
#297=LINE('',#4202,#512);
#298=LINE('',#4204,#513);
#299=LINE('',#4205,#514);
#300=LINE('',#4208,#515);
#301=LINE('',#4212,#516);
#302=LINE('',#4220,#517);
#303=LINE('',#4224,#518);
#304=LINE('',#4232,#519);
#305=LINE('',#4236,#520);
#306=LINE('',#4244,#521);
#307=LINE('',#4248,#522);
#308=LINE('',#4256,#523);
#309=LINE('',#4260,#524);
#310=LINE('',#4261,#525);
#311=LINE('',#4263,#526);
#312=LINE('',#4264,#527);
#313=LINE('',#4287,#528);
#314=LINE('',#4289,#529);
#315=LINE('',#4345,#530);
#316=LINE('',#4347,#531);
#317=LINE('',#4362,#532);
#318=LINE('',#4363,#533);
#319=LINE('',#4369,#534);
#320=LINE('',#4371,#535);
#321=LINE('',#4395,#536);
#322=LINE('',#4397,#537);
#323=LINE('',#4404,#538);
#324=LINE('',#4406,#539);
#325=LINE('',#4408,#540);
#326=LINE('',#4410,#541);
#327=LINE('',#4417,#542);
#328=LINE('',#4419,#543);
#329=LINE('',#4421,#544);
#330=LINE('',#4427,#545);
#331=LINE('',#4428,#546);
#332=LINE('',#4430,#547);
#333=LINE('',#4431,#548);
#334=LINE('',#4433,#549);
#335=LINE('',#4434,#550);
#336=LINE('',#4436,#551);
#337=LINE('',#4438,#552);
#338=LINE('',#4439,#553);
#339=LINE('',#4443,#554);
#340=LINE('',#4447,#555);
#341=LINE('',#4454,#556);
#342=LINE('',#4464,#557);
#343=LINE('',#4478,#558);
#344=LINE('',#4482,#559);
#345=LINE('',#4558,#560);
#346=LINE('',#4561,#561);
#347=LINE('',#4566,#562);
#348=LINE('',#4567,#563);
#349=LINE('',#4569,#564);
#350=LINE('',#4570,#565);
#351=LINE('',#4572,#566);
#352=LINE('',#4573,#567);
#353=LINE('',#4575,#568);
#354=LINE('',#4577,#569);
#355=LINE('',#4580,#570);
#356=LINE('',#4583,#571);
#357=LINE('',#4815,#572);
#358=LINE('',#4832,#573);
#359=LINE('',#4863,#574);
#360=LINE('',#4867,#575);
#361=LINE('',#4871,#576);
#362=LINE('',#4872,#577);
#363=LINE('',#4876,#578);
#364=LINE('',#4877,#579);
#365=LINE('',#4881,#580);
#366=LINE('',#4882,#581);
#367=LINE('',#4883,#582);
#368=LINE('',#4884,#583);
#369=LINE('',#4888,#584);
#370=LINE('',#4889,#585);
#371=LINE('',#4893,#586);
#372=LINE('',#4894,#587);
#373=LINE('',#4900,#588);
#374=LINE('',#4902,#589);
#375=LINE('',#4904,#590);
#376=LINE('',#4906,#591);
#377=LINE('',#4910,#592);
#378=LINE('',#4912,#593);
#379=LINE('',#4916,#594);
#380=LINE('',#4918,#595);
#381=VECTOR('',#2776,1.);
#382=VECTOR('',#2777,1.);
#383=VECTOR('',#2778,1.);
#384=VECTOR('',#2779,1.);
#385=VECTOR('',#2780,1.);
#386=VECTOR('',#2781,1.);
#387=VECTOR('',#2782,1.);
#388=VECTOR('',#2783,1.);
#389=VECTOR('',#2784,1.);
#390=VECTOR('',#2785,1.);
#391=VECTOR('',#2786,1.);
#392=VECTOR('',#2787,1.);
#393=VECTOR('',#2790,1.);
#394=VECTOR('',#2793,1.);
#395=VECTOR('',#2796,1.);
#396=VECTOR('',#2797,1.);
#397=VECTOR('',#2800,1.);
#398=VECTOR('',#2801,1.);
#399=VECTOR('',#2804,1.);
#400=VECTOR('',#2807,1.);
#401=VECTOR('',#2816,1.);
#402=VECTOR('',#2817,1.);
#403=VECTOR('',#2818,1.);
#404=VECTOR('',#2825,1.);
#405=VECTOR('',#2826,1.);
#406=VECTOR('',#2827,1.);
#407=VECTOR('',#2834,1.);
#408=VECTOR('',#2835,1.);
#409=VECTOR('',#2836,1.);
#410=VECTOR('',#2839,1.);
#411=VECTOR('',#2840,1.);
#412=VECTOR('',#2841,1.);
#413=VECTOR('',#2842,1.);
#414=VECTOR('',#2845,1.);
#415=VECTOR('',#2846,1.);
#416=VECTOR('',#2847,1.);
#417=VECTOR('',#2848,1.);
#418=VECTOR('',#2849,1.);
#419=VECTOR('',#2850,1.);
#420=VECTOR('',#2851,1.);
#421=VECTOR('',#2852,1.);
#422=VECTOR('',#2855,1.);
#423=VECTOR('',#2856,1.);
#424=VECTOR('',#2857,1.);
#425=VECTOR('',#2858,1.);
#426=VECTOR('',#2859,1.);
#427=VECTOR('',#2860,1.);
#428=VECTOR('',#2861,1.);
#429=VECTOR('',#2862,1.);
#430=VECTOR('',#2865,1.);
#431=VECTOR('',#2868,1.);
#432=VECTOR('',#2869,1.);
#433=VECTOR('',#2872,1.);
#434=VECTOR('',#2873,1.);
#435=VECTOR('',#2876,1.);
#436=VECTOR('',#2877,1.);
#437=VECTOR('',#2878,1.);
#438=VECTOR('',#2879,1.);
#439=VECTOR('',#2880,1.);
#440=VECTOR('',#2881,1.);
#441=VECTOR('',#2882,1.);
#442=VECTOR('',#2883,1.);
#443=VECTOR('',#2884,1.);
#444=VECTOR('',#2885,1.);
#445=VECTOR('',#2886,1.);
#446=VECTOR('',#2887,1.);
#447=VECTOR('',#2888,1.);
#448=VECTOR('',#2889,1.);
#449=VECTOR('',#2890,1.);
#450=VECTOR('',#2891,1.);
#451=VECTOR('',#2892,1.);
#452=VECTOR('',#2893,1.);
#453=VECTOR('',#2896,1.);
#454=VECTOR('',#2903,1.);
#455=VECTOR('',#2906,1.);
#456=VECTOR('',#2913,1.);
#457=VECTOR('',#2914,1.);
#458=VECTOR('',#2915,1.);
#459=VECTOR('',#2916,1.);
#460=VECTOR('',#2917,1.);
#461=VECTOR('',#2918,1.);
#462=VECTOR('',#2919,1.);
#463=VECTOR('',#2920,1.);
#464=VECTOR('',#2921,1.);
#465=VECTOR('',#2922,1.);
#466=VECTOR('',#2923,1.);
#467=VECTOR('',#2924,1.);
#468=VECTOR('',#2925,1.);
#469=VECTOR('',#2926,1.);
#470=VECTOR('',#2927,1.);
#471=VECTOR('',#2928,1.);
#472=VECTOR('',#2929,1.);
#473=VECTOR('',#2930,1.);
#474=VECTOR('',#2933,1.);
#475=VECTOR('',#2934,1.);
#476=VECTOR('',#2935,1.);
#477=VECTOR('',#2938,1.);
#478=VECTOR('',#2939,1.);
#479=VECTOR('',#2940,1.);
#480=VECTOR('',#2945,1.);
#481=VECTOR('',#2946,1.);
#482=VECTOR('',#2947,1.);
#483=VECTOR('',#2950,1.);
#484=VECTOR('',#2951,1.);
#485=VECTOR('',#2952,1.);
#486=VECTOR('',#2957,1.);
#487=VECTOR('',#2960,1.);
#488=VECTOR('',#2961,1.);
#489=VECTOR('',#2962,1.);
#490=VECTOR('',#2963,1.);
#491=VECTOR('',#2966,1.);
#492=VECTOR('',#2967,1.);
#493=VECTOR('',#2970,1.);
#494=VECTOR('',#2971,1.);
#495=VECTOR('',#2978,1.);
#496=VECTOR('',#2979,1.);
#497=VECTOR('',#2980,1.);
#498=VECTOR('',#2995,1.);
#499=VECTOR('',#2996,1.);
#500=VECTOR('',#2997,1.);
#501=VECTOR('',#3000,1.);
#502=VECTOR('',#3001,1.);
#503=VECTOR('',#3002,1.);
#504=VECTOR('',#3007,1.);
#505=VECTOR('',#3008,1.);
#506=VECTOR('',#3009,1.);
#507=VECTOR('',#3010,1.);
#508=VECTOR('',#3011,1.);
#509=VECTOR('',#3012,1.);
#510=VECTOR('',#3013,1.);
#511=VECTOR('',#3014,1.);
#512=VECTOR('',#3015,1.);
#513=VECTOR('',#3018,1.);
#514=VECTOR('',#3019,1.);
#515=VECTOR('',#3024,1.);
#516=VECTOR('',#3027,1.);
#517=VECTOR('',#3028,1.);
#518=VECTOR('',#3031,1.);
#519=VECTOR('',#3032,1.);
#520=VECTOR('',#3035,1.);
#521=VECTOR('',#3036,1.);
#522=VECTOR('',#3039,1.);
#523=VECTOR('',#3040,1.);
#524=VECTOR('',#3045,1.);
#525=VECTOR('',#3046,1.);
#526=VECTOR('',#3049,1.);
#527=VECTOR('',#3050,1.);
#528=VECTOR('',#3065,1.);
#529=VECTOR('',#3068,1.);
#530=VECTOR('',#3079,1.);
#531=VECTOR('',#3082,1.);
#532=VECTOR('',#3093,1.);
#533=VECTOR('',#3094,1.);
#534=VECTOR('',#3105,1.);
#535=VECTOR('',#3108,1.);
#536=VECTOR('',#3119,1.);
#537=VECTOR('',#3120,1.);
#538=VECTOR('',#3123,1.);
#539=VECTOR('',#3124,1.);
#540=VECTOR('',#3127,1.);
#541=VECTOR('',#3128,1.);
#542=VECTOR('',#3131,1.);
#543=VECTOR('',#3132,1.);
#544=VECTOR('',#3135,1.);
#545=VECTOR('',#3138,1.);
#546=VECTOR('',#3139,1.);
#547=VECTOR('',#3140,1.);
#548=VECTOR('',#3141,1.);
#549=VECTOR('',#3142,1.);
#550=VECTOR('',#3143,1.);
#551=VECTOR('',#3144,1.);
#552=VECTOR('',#3145,1.);
#553=VECTOR('',#3146,1.);
#554=VECTOR('',#3151,1.);
#555=VECTOR('',#3156,1.);
#556=VECTOR('',#3159,1.);
#557=VECTOR('',#3170,1.);
#558=VECTOR('',#3187,1.);
#559=VECTOR('',#3190,1.);
#560=VECTOR('',#3221,1.);
#561=VECTOR('',#3226,1.);
#562=VECTOR('',#3235,1.);
#563=VECTOR('',#3236,1.);
#564=VECTOR('',#3237,1.);
#565=VECTOR('',#3238,1.);
#566=VECTOR('',#3239,1.);
#567=VECTOR('',#3240,1.);
#568=VECTOR('',#3241,1.);
#569=VECTOR('',#3244,1.);
#570=VECTOR('',#3249,1.);
#571=VECTOR('',#3254,1.);
#572=VECTOR('',#3263,1.);
#573=VECTOR('',#3264,1.);
#574=VECTOR('',#3269,1.);
#575=VECTOR('',#3276,1.);
#576=VECTOR('',#3279,1.);
#577=VECTOR('',#3280,1.);
#578=VECTOR('',#3283,1.);
#579=VECTOR('',#3284,1.);
#580=VECTOR('',#3287,1.);
#581=VECTOR('',#3288,1.);
#582=VECTOR('',#3289,1.);
#583=VECTOR('',#3290,1.);
#584=VECTOR('',#3295,1.);
#585=VECTOR('',#3296,1.);
#586=VECTOR('',#3303,1.);
#587=VECTOR('',#3304,1.);
#588=VECTOR('',#3315,1.);
#589=VECTOR('',#3318,1.);
#590=VECTOR('',#3321,1.);
#591=VECTOR('',#3324,1.);
#592=VECTOR('',#3331,1.);
#593=VECTOR('',#3334,1.);
#594=VECTOR('',#3341,1.);
#595=VECTOR('',#3344,1.);
#596=ORIENTED_EDGE('',*,*,#1366,.T.);
#597=ORIENTED_EDGE('',*,*,#1367,.T.);
#598=ORIENTED_EDGE('',*,*,#1368,.T.);
#599=ORIENTED_EDGE('',*,*,#1369,.F.);
#600=ORIENTED_EDGE('',*,*,#1370,.T.);
#601=ORIENTED_EDGE('',*,*,#1371,.T.);
#602=ORIENTED_EDGE('',*,*,#1372,.T.);
#603=ORIENTED_EDGE('',*,*,#1373,.T.);
#604=ORIENTED_EDGE('',*,*,#1374,.T.);
#605=ORIENTED_EDGE('',*,*,#1375,.T.);
#606=ORIENTED_EDGE('',*,*,#1376,.T.);
#607=ORIENTED_EDGE('',*,*,#1377,.T.);
#608=ORIENTED_EDGE('',*,*,#1378,.T.);
#609=ORIENTED_EDGE('',*,*,#1379,.F.);
#610=ORIENTED_EDGE('',*,*,#1380,.T.);
#611=ORIENTED_EDGE('',*,*,#1381,.T.);
#612=ORIENTED_EDGE('',*,*,#1375,.F.);
#613=ORIENTED_EDGE('',*,*,#1382,.F.);
#614=ORIENTED_EDGE('',*,*,#1383,.T.);
#615=ORIENTED_EDGE('',*,*,#1384,.T.);
#616=ORIENTED_EDGE('',*,*,#1372,.F.);
#617=ORIENTED_EDGE('',*,*,#1385,.T.);
#618=ORIENTED_EDGE('',*,*,#1378,.F.);
#619=ORIENTED_EDGE('',*,*,#1386,.F.);
#620=ORIENTED_EDGE('',*,*,#1387,.T.);
#621=ORIENTED_EDGE('',*,*,#1369,.T.);
#622=ORIENTED_EDGE('',*,*,#1388,.F.);
#623=ORIENTED_EDGE('',*,*,#1389,.T.);
#624=ORIENTED_EDGE('',*,*,#1390,.T.);
#625=ORIENTED_EDGE('',*,*,#1391,.F.);
#626=ORIENTED_EDGE('',*,*,#1392,.T.);
#627=ORIENTED_EDGE('',*,*,#1393,.F.);
#628=ORIENTED_EDGE('',*,*,#1394,.F.);
#629=ORIENTED_EDGE('',*,*,#1395,.F.);
#630=ORIENTED_EDGE('',*,*,#1396,.F.);
#631=ORIENTED_EDGE('',*,*,#1397,.T.);
#632=ORIENTED_EDGE('',*,*,#1391,.T.);
#633=ORIENTED_EDGE('',*,*,#1398,.F.);
#634=ORIENTED_EDGE('',*,*,#1399,.F.);
#635=ORIENTED_EDGE('',*,*,#1400,.F.);
#636=ORIENTED_EDGE('',*,*,#1401,.T.);
#637=ORIENTED_EDGE('',*,*,#1402,.T.);
#638=ORIENTED_EDGE('',*,*,#1403,.F.);
#639=ORIENTED_EDGE('',*,*,#1404,.F.);
#640=ORIENTED_EDGE('',*,*,#1405,.T.);
#641=ORIENTED_EDGE('',*,*,#1406,.F.);
#642=ORIENTED_EDGE('',*,*,#1407,.F.);
#643=ORIENTED_EDGE('',*,*,#1408,.T.);
#644=ORIENTED_EDGE('',*,*,#1409,.T.);
#645=ORIENTED_EDGE('',*,*,#1404,.T.);
#646=ORIENTED_EDGE('',*,*,#1410,.T.);
#647=ORIENTED_EDGE('',*,*,#1411,.T.);
#648=ORIENTED_EDGE('',*,*,#1412,.F.);
#649=ORIENTED_EDGE('',*,*,#1413,.T.);
#650=ORIENTED_EDGE('',*,*,#1414,.F.);
#651=ORIENTED_EDGE('',*,*,#1415,.F.);
#652=ORIENTED_EDGE('',*,*,#1416,.F.);
#653=ORIENTED_EDGE('',*,*,#1411,.F.);
#654=ORIENTED_EDGE('',*,*,#1417,.T.);
#655=ORIENTED_EDGE('',*,*,#1418,.F.);
#656=ORIENTED_EDGE('',*,*,#1419,.F.);
#657=ORIENTED_EDGE('',*,*,#1406,.T.);
#658=ORIENTED_EDGE('',*,*,#1420,.T.);
#659=ORIENTED_EDGE('',*,*,#1421,.T.);
#660=ORIENTED_EDGE('',*,*,#1422,.T.);
#661=ORIENTED_EDGE('',*,*,#1415,.T.);
#662=ORIENTED_EDGE('',*,*,#1423,.F.);
#663=ORIENTED_EDGE('',*,*,#1424,.T.);
#664=ORIENTED_EDGE('',*,*,#1425,.T.);
#665=ORIENTED_EDGE('',*,*,#1426,.T.);
#666=ORIENTED_EDGE('',*,*,#1427,.T.);
#667=ORIENTED_EDGE('',*,*,#1428,.T.);
#668=ORIENTED_EDGE('',*,*,#1429,.T.);
#669=ORIENTED_EDGE('',*,*,#1430,.T.);
#670=ORIENTED_EDGE('',*,*,#1431,.F.);
#671=ORIENTED_EDGE('',*,*,#1432,.T.);
#672=ORIENTED_EDGE('',*,*,#1433,.T.);
#673=ORIENTED_EDGE('',*,*,#1434,.T.);
#674=ORIENTED_EDGE('',*,*,#1435,.F.);
#675=ORIENTED_EDGE('',*,*,#1436,.T.);
#676=ORIENTED_EDGE('',*,*,#1437,.T.);
#677=ORIENTED_EDGE('',*,*,#1438,.T.);
#678=ORIENTED_EDGE('',*,*,#1439,.T.);
#679=ORIENTED_EDGE('',*,*,#1440,.T.);
#680=ORIENTED_EDGE('',*,*,#1441,.T.);
#681=ORIENTED_EDGE('',*,*,#1442,.T.);
#682=ORIENTED_EDGE('',*,*,#1443,.T.);
#683=ORIENTED_EDGE('',*,*,#1396,.T.);
#684=ORIENTED_EDGE('',*,*,#1444,.T.);
#685=ORIENTED_EDGE('',*,*,#1445,.T.);
#686=ORIENTED_EDGE('',*,*,#1446,.F.);
#687=ORIENTED_EDGE('',*,*,#1447,.T.);
#688=ORIENTED_EDGE('',*,*,#1448,.T.);
#689=ORIENTED_EDGE('',*,*,#1428,.F.);
#690=ORIENTED_EDGE('',*,*,#1449,.F.);
#691=ORIENTED_EDGE('',*,*,#1408,.F.);
#692=ORIENTED_EDGE('',*,*,#1450,.F.);
#693=ORIENTED_EDGE('',*,*,#1451,.F.);
#694=ORIENTED_EDGE('',*,*,#1452,.F.);
#695=ORIENTED_EDGE('',*,*,#1413,.F.);
#696=ORIENTED_EDGE('',*,*,#1453,.F.);
#697=ORIENTED_EDGE('',*,*,#1454,.F.);
#698=ORIENTED_EDGE('',*,*,#1455,.F.);
#699=ORIENTED_EDGE('',*,*,#1451,.T.);
#700=ORIENTED_EDGE('',*,*,#1456,.F.);
#701=ORIENTED_EDGE('',*,*,#1457,.T.);
#702=ORIENTED_EDGE('',*,*,#1458,.T.);
#703=ORIENTED_EDGE('',*,*,#1418,.T.);
#704=ORIENTED_EDGE('',*,*,#1459,.F.);
#705=ORIENTED_EDGE('',*,*,#1457,.F.);
#706=ORIENTED_EDGE('',*,*,#1460,.T.);
#707=ORIENTED_EDGE('',*,*,#1461,.F.);
#708=ORIENTED_EDGE('',*,*,#1462,.F.);
#709=ORIENTED_EDGE('',*,*,#1463,.F.);
#710=ORIENTED_EDGE('',*,*,#1439,.F.);
#711=ORIENTED_EDGE('',*,*,#1464,.F.);
#712=ORIENTED_EDGE('',*,*,#1465,.F.);
#713=ORIENTED_EDGE('',*,*,#1466,.T.);
#714=ORIENTED_EDGE('',*,*,#1467,.T.);
#715=ORIENTED_EDGE('',*,*,#1468,.T.);
#716=ORIENTED_EDGE('',*,*,#1469,.F.);
#717=ORIENTED_EDGE('',*,*,#1470,.T.);
#718=ORIENTED_EDGE('',*,*,#1471,.T.);
#719=ORIENTED_EDGE('',*,*,#1472,.T.);
#720=ORIENTED_EDGE('',*,*,#1473,.F.);
#721=ORIENTED_EDGE('',*,*,#1474,.T.);
#722=ORIENTED_EDGE('',*,*,#1475,.T.);
#723=ORIENTED_EDGE('',*,*,#1476,.T.);
#724=ORIENTED_EDGE('',*,*,#1477,.F.);
#725=ORIENTED_EDGE('',*,*,#1478,.T.);
#726=ORIENTED_EDGE('',*,*,#1479,.T.);
#727=ORIENTED_EDGE('',*,*,#1480,.T.);
#728=ORIENTED_EDGE('',*,*,#1481,.F.);
#729=ORIENTED_EDGE('',*,*,#1482,.T.);
#730=ORIENTED_EDGE('',*,*,#1425,.F.);
#731=ORIENTED_EDGE('',*,*,#1483,.F.);
#732=ORIENTED_EDGE('',*,*,#1401,.F.);
#733=ORIENTED_EDGE('',*,*,#1484,.F.);
#734=ORIENTED_EDGE('',*,*,#1485,.F.);
#735=ORIENTED_EDGE('',*,*,#1486,.F.);
#736=ORIENTED_EDGE('',*,*,#1392,.F.);
#737=ORIENTED_EDGE('',*,*,#1397,.F.);
#738=ORIENTED_EDGE('',*,*,#1443,.F.);
#739=ORIENTED_EDGE('',*,*,#1388,.T.);
#740=ORIENTED_EDGE('',*,*,#1368,.F.);
#741=ORIENTED_EDGE('',*,*,#1487,.F.);
#742=ORIENTED_EDGE('',*,*,#1488,.T.);
#743=ORIENTED_EDGE('',*,*,#1385,.F.);
#744=ORIENTED_EDGE('',*,*,#1489,.T.);
#745=ORIENTED_EDGE('',*,*,#1487,.T.);
#746=ORIENTED_EDGE('',*,*,#1367,.F.);
#747=ORIENTED_EDGE('',*,*,#1490,.T.);
#748=ORIENTED_EDGE('',*,*,#1376,.F.);
#749=ORIENTED_EDGE('',*,*,#1381,.F.);
#750=ORIENTED_EDGE('',*,*,#1491,.T.);
#751=ORIENTED_EDGE('',*,*,#1492,.T.);
#752=ORIENTED_EDGE('',*,*,#1373,.F.);
#753=ORIENTED_EDGE('',*,*,#1384,.F.);
#754=ORIENTED_EDGE('',*,*,#1493,.T.);
#755=ORIENTED_EDGE('',*,*,#1459,.T.);
#756=ORIENTED_EDGE('',*,*,#1423,.T.);
#757=ORIENTED_EDGE('',*,*,#1417,.F.);
#758=ORIENTED_EDGE('',*,*,#1494,.F.);
#759=ORIENTED_EDGE('',*,*,#1407,.T.);
#760=ORIENTED_EDGE('',*,*,#1419,.T.);
#761=ORIENTED_EDGE('',*,*,#1460,.F.);
#762=ORIENTED_EDGE('',*,*,#1495,.F.);
#763=ORIENTED_EDGE('',*,*,#1496,.F.);
#764=ORIENTED_EDGE('',*,*,#1497,.F.);
#765=ORIENTED_EDGE('',*,*,#1498,.T.);
#766=ORIENTED_EDGE('',*,*,#1447,.F.);
#767=ORIENTED_EDGE('',*,*,#1499,.F.);
#768=ORIENTED_EDGE('',*,*,#1500,.F.);
#769=ORIENTED_EDGE('',*,*,#1501,.F.);
#770=ORIENTED_EDGE('',*,*,#1502,.F.);
#771=ORIENTED_EDGE('',*,*,#1429,.F.);
#772=ORIENTED_EDGE('',*,*,#1448,.F.);
#773=ORIENTED_EDGE('',*,*,#1498,.F.);
#774=ORIENTED_EDGE('',*,*,#1503,.F.);
#775=ORIENTED_EDGE('',*,*,#1504,.F.);
#776=ORIENTED_EDGE('',*,*,#1505,.F.);
#777=ORIENTED_EDGE('',*,*,#1506,.F.);
#778=ORIENTED_EDGE('',*,*,#1507,.T.);
#779=ORIENTED_EDGE('',*,*,#1427,.F.);
#780=ORIENTED_EDGE('',*,*,#1508,.F.);
#781=ORIENTED_EDGE('',*,*,#1509,.F.);
#782=ORIENTED_EDGE('',*,*,#1510,.T.);
#783=ORIENTED_EDGE('',*,*,#1511,.T.);
#784=ORIENTED_EDGE('',*,*,#1512,.T.);
#785=ORIENTED_EDGE('',*,*,#1513,.F.);
#786=ORIENTED_EDGE('',*,*,#1514,.T.);
#787=ORIENTED_EDGE('',*,*,#1515,.T.);
#788=ORIENTED_EDGE('',*,*,#1516,.T.);
#789=ORIENTED_EDGE('',*,*,#1517,.F.);
#790=ORIENTED_EDGE('',*,*,#1518,.T.);
#791=ORIENTED_EDGE('',*,*,#1519,.T.);
#792=ORIENTED_EDGE('',*,*,#1520,.T.);
#793=ORIENTED_EDGE('',*,*,#1521,.F.);
#794=ORIENTED_EDGE('',*,*,#1522,.T.);
#795=ORIENTED_EDGE('',*,*,#1523,.T.);
#796=ORIENTED_EDGE('',*,*,#1524,.T.);
#797=ORIENTED_EDGE('',*,*,#1525,.F.);
#798=ORIENTED_EDGE('',*,*,#1526,.F.);
#799=ORIENTED_EDGE('',*,*,#1433,.F.);
#800=ORIENTED_EDGE('',*,*,#1527,.F.);
#801=ORIENTED_EDGE('',*,*,#1528,.T.);
#802=ORIENTED_EDGE('',*,*,#1529,.F.);
#803=ORIENTED_EDGE('',*,*,#1530,.F.);
#804=ORIENTED_EDGE('',*,*,#1531,.T.);
#805=ORIENTED_EDGE('',*,*,#1532,.F.);
#806=ORIENTED_EDGE('',*,*,#1533,.F.);
#807=ORIENTED_EDGE('',*,*,#1534,.F.);
#808=ORIENTED_EDGE('',*,*,#1535,.F.);
#809=ORIENTED_EDGE('',*,*,#1536,.T.);
#810=ORIENTED_EDGE('',*,*,#1537,.F.);
#811=ORIENTED_EDGE('',*,*,#1538,.F.);
#812=ORIENTED_EDGE('',*,*,#1539,.T.);
#813=ORIENTED_EDGE('',*,*,#1540,.F.);
#814=ORIENTED_EDGE('',*,*,#1541,.F.);
#815=ORIENTED_EDGE('',*,*,#1542,.F.);
#816=ORIENTED_EDGE('',*,*,#1543,.F.);
#817=ORIENTED_EDGE('',*,*,#1544,.T.);
#818=ORIENTED_EDGE('',*,*,#1545,.T.);
#819=ORIENTED_EDGE('',*,*,#1546,.T.);
#820=ORIENTED_EDGE('',*,*,#1547,.F.);
#821=ORIENTED_EDGE('',*,*,#1548,.F.);
#822=ORIENTED_EDGE('',*,*,#1436,.F.);
#823=ORIENTED_EDGE('',*,*,#1549,.F.);
#824=ORIENTED_EDGE('',*,*,#1550,.F.);
#825=ORIENTED_EDGE('',*,*,#1551,.T.);
#826=ORIENTED_EDGE('',*,*,#1552,.T.);
#827=ORIENTED_EDGE('',*,*,#1553,.F.);
#828=ORIENTED_EDGE('',*,*,#1554,.F.);
#829=ORIENTED_EDGE('',*,*,#1555,.T.);
#830=ORIENTED_EDGE('',*,*,#1556,.T.);
#831=ORIENTED_EDGE('',*,*,#1557,.T.);
#832=ORIENTED_EDGE('',*,*,#1558,.F.);
#833=ORIENTED_EDGE('',*,*,#1559,.T.);
#834=ORIENTED_EDGE('',*,*,#1560,.T.);
#835=ORIENTED_EDGE('',*,*,#1544,.F.);
#836=ORIENTED_EDGE('',*,*,#1561,.T.);
#837=ORIENTED_EDGE('',*,*,#1562,.T.);
#838=ORIENTED_EDGE('',*,*,#1563,.F.);
#839=ORIENTED_EDGE('',*,*,#1564,.F.);
#840=ORIENTED_EDGE('',*,*,#1561,.F.);
#841=ORIENTED_EDGE('',*,*,#1565,.F.);
#842=ORIENTED_EDGE('',*,*,#1566,.F.);
#843=ORIENTED_EDGE('',*,*,#1567,.T.);
#844=ORIENTED_EDGE('',*,*,#1568,.T.);
#845=ORIENTED_EDGE('',*,*,#1569,.T.);
#846=ORIENTED_EDGE('',*,*,#1570,.T.);
#847=ORIENTED_EDGE('',*,*,#1571,.F.);
#848=ORIENTED_EDGE('',*,*,#1572,.F.);
#849=ORIENTED_EDGE('',*,*,#1573,.T.);
#850=ORIENTED_EDGE('',*,*,#1574,.T.);
#851=ORIENTED_EDGE('',*,*,#1575,.T.);
#852=ORIENTED_EDGE('',*,*,#1568,.F.);
#853=ORIENTED_EDGE('',*,*,#1576,.T.);
#854=ORIENTED_EDGE('',*,*,#1577,.F.);
#855=ORIENTED_EDGE('',*,*,#1578,.F.);
#856=ORIENTED_EDGE('',*,*,#1566,.T.);
#857=ORIENTED_EDGE('',*,*,#1579,.T.);
#858=ORIENTED_EDGE('',*,*,#1580,.F.);
#859=ORIENTED_EDGE('',*,*,#1581,.F.);
#860=ORIENTED_EDGE('',*,*,#1582,.T.);
#861=ORIENTED_EDGE('',*,*,#1583,.T.);
#862=ORIENTED_EDGE('',*,*,#1584,.T.);
#863=ORIENTED_EDGE('',*,*,#1585,.T.);
#864=ORIENTED_EDGE('',*,*,#1586,.T.);
#865=ORIENTED_EDGE('',*,*,#1587,.T.);
#866=ORIENTED_EDGE('',*,*,#1588,.T.);
#867=ORIENTED_EDGE('',*,*,#1577,.T.);
#868=ORIENTED_EDGE('',*,*,#1589,.T.);
#869=ORIENTED_EDGE('',*,*,#1580,.T.);
#870=ORIENTED_EDGE('',*,*,#1590,.T.);
#871=ORIENTED_EDGE('',*,*,#1563,.T.);
#872=ORIENTED_EDGE('',*,*,#1591,.T.);
#873=ORIENTED_EDGE('',*,*,#1574,.F.);
#874=ORIENTED_EDGE('',*,*,#1592,.T.);
#875=ORIENTED_EDGE('',*,*,#1583,.F.);
#876=ORIENTED_EDGE('',*,*,#1593,.F.);
#877=ORIENTED_EDGE('',*,*,#1565,.T.);
#878=ORIENTED_EDGE('',*,*,#1564,.T.);
#879=ORIENTED_EDGE('',*,*,#1590,.F.);
#880=ORIENTED_EDGE('',*,*,#1579,.F.);
#881=ORIENTED_EDGE('',*,*,#1582,.F.);
#882=ORIENTED_EDGE('',*,*,#1594,.T.);
#883=ORIENTED_EDGE('',*,*,#1595,.T.);
#884=ORIENTED_EDGE('',*,*,#1596,.T.);
#885=ORIENTED_EDGE('',*,*,#1597,.F.);
#886=ORIENTED_EDGE('',*,*,#1598,.T.);
#887=ORIENTED_EDGE('',*,*,#1599,.T.);
#888=ORIENTED_EDGE('',*,*,#1600,.T.);
#889=ORIENTED_EDGE('',*,*,#1601,.F.);
#890=ORIENTED_EDGE('',*,*,#1602,.T.);
#891=ORIENTED_EDGE('',*,*,#1603,.T.);
#892=ORIENTED_EDGE('',*,*,#1604,.T.);
#893=ORIENTED_EDGE('',*,*,#1605,.F.);
#894=ORIENTED_EDGE('',*,*,#1606,.T.);
#895=ORIENTED_EDGE('',*,*,#1607,.T.);
#896=ORIENTED_EDGE('',*,*,#1608,.T.);
#897=ORIENTED_EDGE('',*,*,#1609,.F.);
#898=ORIENTED_EDGE('',*,*,#1610,.T.);
#899=ORIENTED_EDGE('',*,*,#1611,.T.);
#900=ORIENTED_EDGE('',*,*,#1594,.F.);
#901=ORIENTED_EDGE('',*,*,#1571,.T.);
#902=ORIENTED_EDGE('',*,*,#1612,.T.);
#903=ORIENTED_EDGE('',*,*,#1586,.F.);
#904=ORIENTED_EDGE('',*,*,#1613,.F.);
#905=ORIENTED_EDGE('',*,*,#1560,.F.);
#906=ORIENTED_EDGE('',*,*,#1614,.T.);
#907=ORIENTED_EDGE('',*,*,#1467,.F.);
#908=ORIENTED_EDGE('',*,*,#1615,.F.);
#909=ORIENTED_EDGE('',*,*,#1545,.F.);
#910=ORIENTED_EDGE('',*,*,#1559,.F.);
#911=ORIENTED_EDGE('',*,*,#1616,.T.);
#912=ORIENTED_EDGE('',*,*,#1468,.F.);
#913=ORIENTED_EDGE('',*,*,#1614,.F.);
#914=ORIENTED_EDGE('',*,*,#1546,.F.);
#915=ORIENTED_EDGE('',*,*,#1615,.T.);
#916=ORIENTED_EDGE('',*,*,#1466,.F.);
#917=ORIENTED_EDGE('',*,*,#1617,.T.);
#918=ORIENTED_EDGE('',*,*,#1558,.T.);
#919=ORIENTED_EDGE('',*,*,#1618,.T.);
#920=ORIENTED_EDGE('',*,*,#1619,.F.);
#921=ORIENTED_EDGE('',*,*,#1469,.T.);
#922=ORIENTED_EDGE('',*,*,#1616,.F.);
#923=ORIENTED_EDGE('',*,*,#1606,.F.);
#924=ORIENTED_EDGE('',*,*,#1620,.F.);
#925=ORIENTED_EDGE('',*,*,#1621,.F.);
#926=ORIENTED_EDGE('',*,*,#1622,.T.);
#927=ORIENTED_EDGE('',*,*,#1608,.F.);
#928=ORIENTED_EDGE('',*,*,#1623,.F.);
#929=ORIENTED_EDGE('',*,*,#1624,.F.);
#930=ORIENTED_EDGE('',*,*,#1625,.F.);
#931=ORIENTED_EDGE('',*,*,#1607,.F.);
#932=ORIENTED_EDGE('',*,*,#1622,.F.);
#933=ORIENTED_EDGE('',*,*,#1626,.F.);
#934=ORIENTED_EDGE('',*,*,#1623,.T.);
#935=ORIENTED_EDGE('',*,*,#1625,.T.);
#936=ORIENTED_EDGE('',*,*,#1627,.F.);
#937=ORIENTED_EDGE('',*,*,#1481,.T.);
#938=ORIENTED_EDGE('',*,*,#1628,.F.);
#939=ORIENTED_EDGE('',*,*,#1609,.T.);
#940=ORIENTED_EDGE('',*,*,#1624,.T.);
#941=ORIENTED_EDGE('',*,*,#1626,.T.);
#942=ORIENTED_EDGE('',*,*,#1621,.T.);
#943=ORIENTED_EDGE('',*,*,#1629,.T.);
#944=ORIENTED_EDGE('',*,*,#1508,.T.);
#945=ORIENTED_EDGE('',*,*,#1426,.F.);
#946=ORIENTED_EDGE('',*,*,#1482,.F.);
#947=ORIENTED_EDGE('',*,*,#1627,.T.);
#948=ORIENTED_EDGE('',*,*,#1630,.T.);
#949=ORIENTED_EDGE('',*,*,#1604,.F.);
#950=ORIENTED_EDGE('',*,*,#1631,.T.);
#951=ORIENTED_EDGE('',*,*,#1510,.F.);
#952=ORIENTED_EDGE('',*,*,#1511,.F.);
#953=ORIENTED_EDGE('',*,*,#1631,.F.);
#954=ORIENTED_EDGE('',*,*,#1603,.F.);
#955=ORIENTED_EDGE('',*,*,#1632,.F.);
#956=ORIENTED_EDGE('',*,*,#1632,.T.);
#957=ORIENTED_EDGE('',*,*,#1602,.F.);
#958=ORIENTED_EDGE('',*,*,#1633,.T.);
#959=ORIENTED_EDGE('',*,*,#1512,.F.);
#960=ORIENTED_EDGE('',*,*,#1633,.F.);
#961=ORIENTED_EDGE('',*,*,#1601,.T.);
#962=ORIENTED_EDGE('',*,*,#1634,.T.);
#963=ORIENTED_EDGE('',*,*,#1635,.F.);
#964=ORIENTED_EDGE('',*,*,#1513,.T.);
#965=ORIENTED_EDGE('',*,*,#1620,.T.);
#966=ORIENTED_EDGE('',*,*,#1605,.T.);
#967=ORIENTED_EDGE('',*,*,#1630,.F.);
#968=ORIENTED_EDGE('',*,*,#1509,.T.);
#969=ORIENTED_EDGE('',*,*,#1629,.F.);
#970=ORIENTED_EDGE('',*,*,#1479,.F.);
#971=ORIENTED_EDGE('',*,*,#1636,.F.);
#972=ORIENTED_EDGE('',*,*,#1595,.F.);
#973=ORIENTED_EDGE('',*,*,#1611,.F.);
#974=ORIENTED_EDGE('',*,*,#1637,.F.);
#975=ORIENTED_EDGE('',*,*,#1480,.F.);
#976=ORIENTED_EDGE('',*,*,#1637,.T.);
#977=ORIENTED_EDGE('',*,*,#1610,.F.);
#978=ORIENTED_EDGE('',*,*,#1628,.T.);
#979=ORIENTED_EDGE('',*,*,#1478,.F.);
#980=ORIENTED_EDGE('',*,*,#1638,.T.);
#981=ORIENTED_EDGE('',*,*,#1596,.F.);
#982=ORIENTED_EDGE('',*,*,#1636,.T.);
#983=ORIENTED_EDGE('',*,*,#1551,.F.);
#984=ORIENTED_EDGE('',*,*,#1639,.T.);
#985=ORIENTED_EDGE('',*,*,#1524,.F.);
#986=ORIENTED_EDGE('',*,*,#1640,.T.);
#987=ORIENTED_EDGE('',*,*,#1553,.T.);
#988=ORIENTED_EDGE('',*,*,#1641,.F.);
#989=ORIENTED_EDGE('',*,*,#1522,.F.);
#990=ORIENTED_EDGE('',*,*,#1642,.F.);
#991=ORIENTED_EDGE('',*,*,#1552,.F.);
#992=ORIENTED_EDGE('',*,*,#1640,.F.);
#993=ORIENTED_EDGE('',*,*,#1523,.F.);
#994=ORIENTED_EDGE('',*,*,#1641,.T.);
#995=ORIENTED_EDGE('',*,*,#1525,.T.);
#996=ORIENTED_EDGE('',*,*,#1639,.F.);
#997=ORIENTED_EDGE('',*,*,#1550,.T.);
#998=ORIENTED_EDGE('',*,*,#1643,.F.);
#999=ORIENTED_EDGE('',*,*,#1644,.F.);
#1000=ORIENTED_EDGE('',*,*,#1554,.T.);
#1001=ORIENTED_EDGE('',*,*,#1642,.T.);
#1002=ORIENTED_EDGE('',*,*,#1521,.T.);
#1003=ORIENTED_EDGE('',*,*,#1645,.F.);
#1004=ORIENTED_EDGE('',*,*,#1646,.T.);
#1005=ORIENTED_EDGE('',*,*,#1619,.T.);
#1006=ORIENTED_EDGE('',*,*,#1647,.F.);
#1007=ORIENTED_EDGE('',*,*,#1648,.T.);
#1008=ORIENTED_EDGE('',*,*,#1470,.F.);
#1009=ORIENTED_EDGE('',*,*,#1649,.T.);
#1010=ORIENTED_EDGE('',*,*,#1650,.F.);
#1011=ORIENTED_EDGE('',*,*,#1651,.T.);
#1012=ORIENTED_EDGE('',*,*,#1518,.F.);
#1013=ORIENTED_EDGE('',*,*,#1520,.F.);
#1014=ORIENTED_EDGE('',*,*,#1652,.T.);
#1015=ORIENTED_EDGE('',*,*,#1653,.F.);
#1016=ORIENTED_EDGE('',*,*,#1645,.T.);
#1017=ORIENTED_EDGE('',*,*,#1654,.F.);
#1018=ORIENTED_EDGE('',*,*,#1655,.T.);
#1019=ORIENTED_EDGE('',*,*,#1656,.T.);
#1020=ORIENTED_EDGE('',*,*,#1650,.T.);
#1021=ORIENTED_EDGE('',*,*,#1516,.F.);
#1022=ORIENTED_EDGE('',*,*,#1657,.T.);
#1023=ORIENTED_EDGE('',*,*,#1655,.F.);
#1024=ORIENTED_EDGE('',*,*,#1658,.T.);
#1025=ORIENTED_EDGE('',*,*,#1659,.F.);
#1026=ORIENTED_EDGE('',*,*,#1652,.F.);
#1027=ORIENTED_EDGE('',*,*,#1519,.F.);
#1028=ORIENTED_EDGE('',*,*,#1651,.F.);
#1029=ORIENTED_EDGE('',*,*,#1656,.F.);
#1030=ORIENTED_EDGE('',*,*,#1657,.F.);
#1031=ORIENTED_EDGE('',*,*,#1515,.F.);
#1032=ORIENTED_EDGE('',*,*,#1660,.F.);
#1033=ORIENTED_EDGE('',*,*,#1661,.F.);
#1034=ORIENTED_EDGE('',*,*,#1599,.F.);
#1035=ORIENTED_EDGE('',*,*,#1662,.T.);
#1036=ORIENTED_EDGE('',*,*,#1663,.F.);
#1037=ORIENTED_EDGE('',*,*,#1475,.F.);
#1038=ORIENTED_EDGE('',*,*,#1664,.F.);
#1039=ORIENTED_EDGE('',*,*,#1665,.T.);
#1040=ORIENTED_EDGE('',*,*,#1666,.F.);
#1041=ORIENTED_EDGE('',*,*,#1471,.F.);
#1042=ORIENTED_EDGE('',*,*,#1648,.F.);
#1043=ORIENTED_EDGE('',*,*,#1667,.T.);
#1044=ORIENTED_EDGE('',*,*,#1556,.F.);
#1045=ORIENTED_EDGE('',*,*,#1474,.F.);
#1046=ORIENTED_EDGE('',*,*,#1668,.T.);
#1047=ORIENTED_EDGE('',*,*,#1669,.F.);
#1048=ORIENTED_EDGE('',*,*,#1664,.T.);
#1049=ORIENTED_EDGE('',*,*,#1670,.T.);
#1050=ORIENTED_EDGE('',*,*,#1476,.F.);
#1051=ORIENTED_EDGE('',*,*,#1663,.T.);
#1052=ORIENTED_EDGE('',*,*,#1671,.F.);
#1053=ORIENTED_EDGE('',*,*,#1672,.F.);
#1054=ORIENTED_EDGE('',*,*,#1673,.T.);
#1055=ORIENTED_EDGE('',*,*,#1665,.F.);
#1056=ORIENTED_EDGE('',*,*,#1669,.T.);
#1057=ORIENTED_EDGE('',*,*,#1598,.F.);
#1058=ORIENTED_EDGE('',*,*,#1674,.F.);
#1059=ORIENTED_EDGE('',*,*,#1671,.T.);
#1060=ORIENTED_EDGE('',*,*,#1662,.F.);
#1061=ORIENTED_EDGE('',*,*,#1675,.T.);
#1062=ORIENTED_EDGE('',*,*,#1472,.F.);
#1063=ORIENTED_EDGE('',*,*,#1666,.T.);
#1064=ORIENTED_EDGE('',*,*,#1673,.F.);
#1065=ORIENTED_EDGE('',*,*,#1557,.F.);
#1066=ORIENTED_EDGE('',*,*,#1667,.F.);
#1067=ORIENTED_EDGE('',*,*,#1647,.T.);
#1068=ORIENTED_EDGE('',*,*,#1618,.F.);
#1069=ORIENTED_EDGE('',*,*,#1634,.F.);
#1070=ORIENTED_EDGE('',*,*,#1600,.F.);
#1071=ORIENTED_EDGE('',*,*,#1661,.T.);
#1072=ORIENTED_EDGE('',*,*,#1676,.T.);
#1073=ORIENTED_EDGE('',*,*,#1514,.F.);
#1074=ORIENTED_EDGE('',*,*,#1635,.T.);
#1075=ORIENTED_EDGE('',*,*,#1676,.F.);
#1076=ORIENTED_EDGE('',*,*,#1660,.T.);
#1077=ORIENTED_EDGE('',*,*,#1646,.F.);
#1078=ORIENTED_EDGE('',*,*,#1653,.T.);
#1079=ORIENTED_EDGE('',*,*,#1659,.T.);
#1080=ORIENTED_EDGE('',*,*,#1555,.F.);
#1081=ORIENTED_EDGE('',*,*,#1675,.F.);
#1082=ORIENTED_EDGE('',*,*,#1672,.T.);
#1083=ORIENTED_EDGE('',*,*,#1668,.F.);
#1084=ORIENTED_EDGE('',*,*,#1473,.T.);
#1085=ORIENTED_EDGE('',*,*,#1638,.F.);
#1086=ORIENTED_EDGE('',*,*,#1477,.T.);
#1087=ORIENTED_EDGE('',*,*,#1670,.F.);
#1088=ORIENTED_EDGE('',*,*,#1674,.T.);
#1089=ORIENTED_EDGE('',*,*,#1597,.T.);
#1090=ORIENTED_EDGE('',*,*,#1649,.F.);
#1091=ORIENTED_EDGE('',*,*,#1517,.T.);
#1092=ORIENTED_EDGE('',*,*,#1658,.F.);
#1093=ORIENTED_EDGE('',*,*,#1654,.T.);
#1094=ORIENTED_EDGE('',*,*,#1465,.T.);
#1095=ORIENTED_EDGE('',*,*,#1677,.F.);
#1096=ORIENTED_EDGE('',*,*,#1678,.F.);
#1097=ORIENTED_EDGE('',*,*,#1547,.T.);
#1098=ORIENTED_EDGE('',*,*,#1617,.F.);
#1099=ORIENTED_EDGE('',*,*,#1679,.T.);
#1100=ORIENTED_EDGE('',*,*,#1539,.F.);
#1101=ORIENTED_EDGE('',*,*,#1680,.F.);
#1102=ORIENTED_EDGE('',*,*,#1681,.T.);
#1103=ORIENTED_EDGE('',*,*,#1680,.T.);
#1104=ORIENTED_EDGE('',*,*,#1542,.T.);
#1105=ORIENTED_EDGE('',*,*,#1682,.T.);
#1106=ORIENTED_EDGE('',*,*,#1534,.T.);
#1107=ORIENTED_EDGE('',*,*,#1683,.T.);
#1108=ORIENTED_EDGE('',*,*,#1684,.T.);
#1109=ORIENTED_EDGE('',*,*,#1535,.T.);
#1110=ORIENTED_EDGE('',*,*,#1685,.T.);
#1111=ORIENTED_EDGE('',*,*,#1686,.T.);
#1112=ORIENTED_EDGE('',*,*,#1527,.T.);
#1113=ORIENTED_EDGE('',*,*,#1687,.T.);
#1114=ORIENTED_EDGE('',*,*,#1688,.T.);
#1115=ORIENTED_EDGE('',*,*,#1389,.F.);
#1116=ORIENTED_EDGE('',*,*,#1488,.F.);
#1117=ORIENTED_EDGE('',*,*,#1489,.F.);
#1118=ORIENTED_EDGE('',*,*,#1387,.F.);
#1119=ORIENTED_EDGE('',*,*,#1689,.F.);
#1120=ORIENTED_EDGE('',*,*,#1491,.F.);
#1121=ORIENTED_EDGE('',*,*,#1380,.F.);
#1122=ORIENTED_EDGE('',*,*,#1690,.F.);
#1123=ORIENTED_EDGE('',*,*,#1493,.F.);
#1124=ORIENTED_EDGE('',*,*,#1383,.F.);
#1125=ORIENTED_EDGE('',*,*,#1691,.F.);
#1126=ORIENTED_EDGE('',*,*,#1692,.F.);
#1127=ORIENTED_EDGE('',*,*,#1693,.F.);
#1128=ORIENTED_EDGE('',*,*,#1694,.F.);
#1129=ORIENTED_EDGE('',*,*,#1695,.F.);
#1130=ORIENTED_EDGE('',*,*,#1501,.T.);
#1131=ORIENTED_EDGE('',*,*,#1696,.F.);
#1132=ORIENTED_EDGE('',*,*,#1462,.T.);
#1133=ORIENTED_EDGE('',*,*,#1697,.F.);
#1134=ORIENTED_EDGE('',*,*,#1698,.F.);
#1135=ORIENTED_EDGE('',*,*,#1699,.F.);
#1136=ORIENTED_EDGE('',*,*,#1700,.F.);
#1137=ORIENTED_EDGE('',*,*,#1701,.T.);
#1138=ORIENTED_EDGE('',*,*,#1506,.T.);
#1139=ORIENTED_EDGE('',*,*,#1702,.F.);
#1140=ORIENTED_EDGE('',*,*,#1570,.F.);
#1141=ORIENTED_EDGE('',*,*,#1703,.T.);
#1142=ORIENTED_EDGE('',*,*,#1587,.F.);
#1143=ORIENTED_EDGE('',*,*,#1612,.F.);
#1144=ORIENTED_EDGE('',*,*,#1569,.F.);
#1145=ORIENTED_EDGE('',*,*,#1578,.T.);
#1146=ORIENTED_EDGE('',*,*,#1588,.F.);
#1147=ORIENTED_EDGE('',*,*,#1703,.F.);
#1148=ORIENTED_EDGE('',*,*,#1572,.T.);
#1149=ORIENTED_EDGE('',*,*,#1613,.T.);
#1150=ORIENTED_EDGE('',*,*,#1585,.F.);
#1151=ORIENTED_EDGE('',*,*,#1704,.F.);
#1152=ORIENTED_EDGE('',*,*,#1573,.F.);
#1153=ORIENTED_EDGE('',*,*,#1704,.T.);
#1154=ORIENTED_EDGE('',*,*,#1584,.F.);
#1155=ORIENTED_EDGE('',*,*,#1592,.F.);
#1156=ORIENTED_EDGE('',*,*,#1567,.F.);
#1157=ORIENTED_EDGE('',*,*,#1581,.T.);
#1158=ORIENTED_EDGE('',*,*,#1589,.F.);
#1159=ORIENTED_EDGE('',*,*,#1576,.F.);
#1160=ORIENTED_EDGE('',*,*,#1575,.F.);
#1161=ORIENTED_EDGE('',*,*,#1593,.T.);
#1162=ORIENTED_EDGE('',*,*,#1591,.F.);
#1163=ORIENTED_EDGE('',*,*,#1562,.F.);
#1164=ORIENTED_EDGE('',*,*,#1543,.T.);
#1165=ORIENTED_EDGE('',*,*,#1532,.T.);
#1166=ORIENTED_EDGE('',*,*,#1705,.T.);
#1167=ORIENTED_EDGE('',*,*,#1540,.T.);
#1168=ORIENTED_EDGE('',*,*,#1679,.F.);
#1169=ORIENTED_EDGE('',*,*,#1706,.T.);
#1170=ORIENTED_EDGE('',*,*,#1707,.T.);
#1171=ORIENTED_EDGE('',*,*,#1529,.T.);
#1172=ORIENTED_EDGE('',*,*,#1708,.T.);
#1173=ORIENTED_EDGE('',*,*,#1709,.T.);
#1174=ORIENTED_EDGE('',*,*,#1537,.T.);
#1175=ORIENTED_EDGE('',*,*,#1710,.T.);
#1176=ORIENTED_EDGE('',*,*,#1711,.T.);
#1177=ORIENTED_EDGE('',*,*,#1712,.T.);
#1178=ORIENTED_EDGE('',*,*,#1708,.F.);
#1179=ORIENTED_EDGE('',*,*,#1528,.F.);
#1180=ORIENTED_EDGE('',*,*,#1686,.F.);
#1181=ORIENTED_EDGE('',*,*,#1538,.T.);
#1182=ORIENTED_EDGE('',*,*,#1709,.F.);
#1183=ORIENTED_EDGE('',*,*,#1712,.F.);
#1184=ORIENTED_EDGE('',*,*,#1685,.F.);
#1185=ORIENTED_EDGE('',*,*,#1530,.T.);
#1186=ORIENTED_EDGE('',*,*,#1707,.F.);
#1187=ORIENTED_EDGE('',*,*,#1713,.F.);
#1188=ORIENTED_EDGE('',*,*,#1687,.F.);
#1189=ORIENTED_EDGE('',*,*,#1681,.F.);
#1190=ORIENTED_EDGE('',*,*,#1688,.F.);
#1191=ORIENTED_EDGE('',*,*,#1713,.T.);
#1192=ORIENTED_EDGE('',*,*,#1706,.F.);
#1193=ORIENTED_EDGE('',*,*,#1714,.T.);
#1194=ORIENTED_EDGE('',*,*,#1710,.F.);
#1195=ORIENTED_EDGE('',*,*,#1536,.F.);
#1196=ORIENTED_EDGE('',*,*,#1684,.F.);
#1197=ORIENTED_EDGE('',*,*,#1533,.T.);
#1198=ORIENTED_EDGE('',*,*,#1711,.F.);
#1199=ORIENTED_EDGE('',*,*,#1714,.F.);
#1200=ORIENTED_EDGE('',*,*,#1683,.F.);
#1201=ORIENTED_EDGE('',*,*,#1531,.F.);
#1202=ORIENTED_EDGE('',*,*,#1682,.F.);
#1203=ORIENTED_EDGE('',*,*,#1541,.T.);
#1204=ORIENTED_EDGE('',*,*,#1705,.F.);
#1205=ORIENTED_EDGE('',*,*,#1410,.F.);
#1206=ORIENTED_EDGE('',*,*,#1495,.T.);
#1207=ORIENTED_EDGE('',*,*,#1456,.T.);
#1208=ORIENTED_EDGE('',*,*,#1450,.T.);
#1209=ORIENTED_EDGE('',*,*,#1409,.F.);
#1210=ORIENTED_EDGE('',*,*,#1455,.T.);
#1211=ORIENTED_EDGE('',*,*,#1715,.T.);
#1212=ORIENTED_EDGE('',*,*,#1716,.T.);
#1213=ORIENTED_EDGE('',*,*,#1715,.F.);
#1214=ORIENTED_EDGE('',*,*,#1454,.T.);
#1215=ORIENTED_EDGE('',*,*,#1717,.T.);
#1216=ORIENTED_EDGE('',*,*,#1718,.T.);
#1217=ORIENTED_EDGE('',*,*,#1458,.F.);
#1218=ORIENTED_EDGE('',*,*,#1494,.T.);
#1219=ORIENTED_EDGE('',*,*,#1414,.T.);
#1220=ORIENTED_EDGE('',*,*,#1452,.T.);
#1221=ORIENTED_EDGE('',*,*,#1717,.F.);
#1222=ORIENTED_EDGE('',*,*,#1453,.T.);
#1223=ORIENTED_EDGE('',*,*,#1412,.T.);
#1224=ORIENTED_EDGE('',*,*,#1719,.T.);
#1225=ORIENTED_EDGE('',*,*,#1507,.F.);
#1226=ORIENTED_EDGE('',*,*,#1701,.F.);
#1227=ORIENTED_EDGE('',*,*,#1720,.F.);
#1228=ORIENTED_EDGE('',*,*,#1721,.F.);
#1229=ORIENTED_EDGE('',*,*,#1722,.F.);
#1230=ORIENTED_EDGE('',*,*,#1402,.F.);
#1231=ORIENTED_EDGE('',*,*,#1483,.T.);
#1232=ORIENTED_EDGE('',*,*,#1424,.F.);
#1233=ORIENTED_EDGE('',*,*,#1723,.T.);
#1234=ORIENTED_EDGE('',*,*,#1420,.F.);
#1235=ORIENTED_EDGE('',*,*,#1405,.F.);
#1236=ORIENTED_EDGE('',*,*,#1716,.F.);
#1237=ORIENTED_EDGE('',*,*,#1718,.F.);
#1238=ORIENTED_EDGE('',*,*,#1724,.T.);
#1239=ORIENTED_EDGE('',*,*,#1421,.F.);
#1240=ORIENTED_EDGE('',*,*,#1723,.F.);
#1241=ORIENTED_EDGE('',*,*,#1719,.F.);
#1242=ORIENTED_EDGE('',*,*,#1416,.T.);
#1243=ORIENTED_EDGE('',*,*,#1422,.F.);
#1244=ORIENTED_EDGE('',*,*,#1724,.F.);
#1245=ORIENTED_EDGE('',*,*,#1379,.T.);
#1246=ORIENTED_EDGE('',*,*,#1374,.F.);
#1247=ORIENTED_EDGE('',*,*,#1492,.F.);
#1248=ORIENTED_EDGE('',*,*,#1690,.T.);
#1249=ORIENTED_EDGE('',*,*,#1382,.T.);
#1250=ORIENTED_EDGE('',*,*,#1371,.F.);
#1251=ORIENTED_EDGE('',*,*,#1725,.F.);
#1252=ORIENTED_EDGE('',*,*,#1691,.T.);
#1253=ORIENTED_EDGE('',*,*,#1725,.T.);
#1254=ORIENTED_EDGE('',*,*,#1370,.F.);
#1255=ORIENTED_EDGE('',*,*,#1390,.F.);
#1256=ORIENTED_EDGE('',*,*,#1692,.T.);
#1257=ORIENTED_EDGE('',*,*,#1386,.T.);
#1258=ORIENTED_EDGE('',*,*,#1377,.F.);
#1259=ORIENTED_EDGE('',*,*,#1490,.F.);
#1260=ORIENTED_EDGE('',*,*,#1689,.T.);
#1261=ORIENTED_EDGE('',*,*,#1366,.F.);
#1262=ORIENTED_EDGE('',*,*,#1726,.T.);
#1263=ORIENTED_EDGE('',*,*,#1727,.F.);
#1264=ORIENTED_EDGE('',*,*,#1728,.F.);
#1265=ORIENTED_EDGE('',*,*,#1399,.T.);
#1266=ORIENTED_EDGE('',*,*,#1729,.F.);
#1267=ORIENTED_EDGE('',*,*,#1730,.F.);
#1268=ORIENTED_EDGE('',*,*,#1731,.F.);
#1269=ORIENTED_EDGE('',*,*,#1699,.T.);
#1270=ORIENTED_EDGE('',*,*,#1732,.F.);
#1271=ORIENTED_EDGE('',*,*,#1733,.F.);
#1272=ORIENTED_EDGE('',*,*,#1734,.F.);
#1273=ORIENTED_EDGE('',*,*,#1496,.T.);
#1274=ORIENTED_EDGE('',*,*,#1735,.F.);
#1275=ORIENTED_EDGE('',*,*,#1445,.F.);
#1276=ORIENTED_EDGE('',*,*,#1736,.F.);
#1277=ORIENTED_EDGE('',*,*,#1394,.T.);
#1278=ORIENTED_EDGE('',*,*,#1737,.F.);
#1279=ORIENTED_EDGE('',*,*,#1738,.F.);
#1280=ORIENTED_EDGE('',*,*,#1726,.F.);
#1281=ORIENTED_EDGE('',*,*,#1485,.T.);
#1282=ORIENTED_EDGE('',*,*,#1739,.T.);
#1283=ORIENTED_EDGE('',*,*,#1727,.T.);
#1284=ORIENTED_EDGE('',*,*,#1738,.T.);
#1285=ORIENTED_EDGE('',*,*,#1740,.T.);
#1286=ORIENTED_EDGE('',*,*,#1484,.T.);
#1287=ORIENTED_EDGE('',*,*,#1400,.T.);
#1288=ORIENTED_EDGE('',*,*,#1728,.T.);
#1289=ORIENTED_EDGE('',*,*,#1739,.F.);
#1290=ORIENTED_EDGE('',*,*,#1486,.T.);
#1291=ORIENTED_EDGE('',*,*,#1740,.F.);
#1292=ORIENTED_EDGE('',*,*,#1737,.T.);
#1293=ORIENTED_EDGE('',*,*,#1393,.T.);
#1294=ORIENTED_EDGE('',*,*,#1504,.T.);
#1295=ORIENTED_EDGE('',*,*,#1741,.T.);
#1296=ORIENTED_EDGE('',*,*,#1733,.T.);
#1297=ORIENTED_EDGE('',*,*,#1742,.T.);
#1298=ORIENTED_EDGE('',*,*,#1503,.T.);
#1299=ORIENTED_EDGE('',*,*,#1497,.T.);
#1300=ORIENTED_EDGE('',*,*,#1734,.T.);
#1301=ORIENTED_EDGE('',*,*,#1741,.F.);
#1302=ORIENTED_EDGE('',*,*,#1505,.T.);
#1303=ORIENTED_EDGE('',*,*,#1742,.F.);
#1304=ORIENTED_EDGE('',*,*,#1732,.T.);
#1305=ORIENTED_EDGE('',*,*,#1702,.T.);
#1306=ORIENTED_EDGE('',*,*,#1395,.T.);
#1307=ORIENTED_EDGE('',*,*,#1736,.T.);
#1308=ORIENTED_EDGE('',*,*,#1444,.F.);
#1309=ORIENTED_EDGE('',*,*,#1398,.T.);
#1310=ORIENTED_EDGE('',*,*,#1499,.T.);
#1311=ORIENTED_EDGE('',*,*,#1449,.T.);
#1312=ORIENTED_EDGE('',*,*,#1446,.T.);
#1313=ORIENTED_EDGE('',*,*,#1735,.T.);
#1314=ORIENTED_EDGE('',*,*,#1697,.T.);
#1315=ORIENTED_EDGE('',*,*,#1461,.T.);
#1316=ORIENTED_EDGE('',*,*,#1442,.F.);
#1317=ORIENTED_EDGE('',*,*,#1743,.F.);
#1318=ORIENTED_EDGE('',*,*,#1695,.T.);
#1319=ORIENTED_EDGE('',*,*,#1744,.F.);
#1320=ORIENTED_EDGE('',*,*,#1430,.F.);
#1321=ORIENTED_EDGE('',*,*,#1502,.T.);
#1322=ORIENTED_EDGE('',*,*,#1698,.T.);
#1323=ORIENTED_EDGE('',*,*,#1743,.T.);
#1324=ORIENTED_EDGE('',*,*,#1441,.F.);
#1325=ORIENTED_EDGE('',*,*,#1745,.T.);
#1326=ORIENTED_EDGE('',*,*,#1694,.T.);
#1327=ORIENTED_EDGE('',*,*,#1746,.T.);
#1328=ORIENTED_EDGE('',*,*,#1431,.T.);
#1329=ORIENTED_EDGE('',*,*,#1744,.T.);
#1330=ORIENTED_EDGE('',*,*,#1463,.T.);
#1331=ORIENTED_EDGE('',*,*,#1696,.T.);
#1332=ORIENTED_EDGE('',*,*,#1745,.F.);
#1333=ORIENTED_EDGE('',*,*,#1440,.F.);
#1334=ORIENTED_EDGE('',*,*,#1500,.T.);
#1335=ORIENTED_EDGE('',*,*,#1432,.F.);
#1336=ORIENTED_EDGE('',*,*,#1746,.F.);
#1337=ORIENTED_EDGE('',*,*,#1693,.T.);
#1338=ORIENTED_EDGE('',*,*,#1677,.T.);
#1339=ORIENTED_EDGE('',*,*,#1464,.T.);
#1340=ORIENTED_EDGE('',*,*,#1438,.F.);
#1341=ORIENTED_EDGE('',*,*,#1747,.F.);
#1342=ORIENTED_EDGE('',*,*,#1644,.T.);
#1343=ORIENTED_EDGE('',*,*,#1748,.F.);
#1344=ORIENTED_EDGE('',*,*,#1434,.F.);
#1345=ORIENTED_EDGE('',*,*,#1526,.T.);
#1346=ORIENTED_EDGE('',*,*,#1548,.T.);
#1347=ORIENTED_EDGE('',*,*,#1678,.T.);
#1348=ORIENTED_EDGE('',*,*,#1747,.T.);
#1349=ORIENTED_EDGE('',*,*,#1437,.F.);
#1350=ORIENTED_EDGE('',*,*,#1549,.T.);
#1351=ORIENTED_EDGE('',*,*,#1435,.T.);
#1352=ORIENTED_EDGE('',*,*,#1748,.T.);
#1353=ORIENTED_EDGE('',*,*,#1643,.T.);
#1354=ORIENTED_EDGE('',*,*,#1722,.T.);
#1355=ORIENTED_EDGE('',*,*,#1749,.F.);
#1356=ORIENTED_EDGE('',*,*,#1729,.T.);
#1357=ORIENTED_EDGE('',*,*,#1403,.T.);
#1358=ORIENTED_EDGE('',*,*,#1720,.T.);
#1359=ORIENTED_EDGE('',*,*,#1700,.T.);
#1360=ORIENTED_EDGE('',*,*,#1731,.T.);
#1361=ORIENTED_EDGE('',*,*,#1750,.T.);
#1362=ORIENTED_EDGE('',*,*,#1721,.T.);
#1363=ORIENTED_EDGE('',*,*,#1750,.F.);
#1364=ORIENTED_EDGE('',*,*,#1730,.T.);
#1365=ORIENTED_EDGE('',*,*,#1749,.T.);
#1366=EDGE_CURVE('',#1751,#1751,#2005,.T.);
#1367=EDGE_CURVE('',#1752,#1753,#166,.F.);
#1368=EDGE_CURVE('',#1753,#1754,#167,.F.);
#1369=EDGE_CURVE('',#1755,#1754,#168,.F.);
#1370=EDGE_CURVE('',#1755,#1756,#169,.T.);
#1371=EDGE_CURVE('',#1756,#1757,#170,.F.);
#1372=EDGE_CURVE('',#1757,#1758,#171,.T.);
#1373=EDGE_CURVE('',#1758,#1759,#172,.T.);
#1374=EDGE_CURVE('',#1759,#1760,#173,.T.);
#1375=EDGE_CURVE('',#1760,#1761,#174,.T.);
#1376=EDGE_CURVE('',#1761,#1762,#175,.F.);
#1377=EDGE_CURVE('',#1762,#1763,#176,.T.);
#1378=EDGE_CURVE('',#1763,#1752,#177,.F.);
#1379=EDGE_CURVE('',#1764,#1760,#178,.T.);
#1380=EDGE_CURVE('',#1764,#1765,#2006,.F.);
#1381=EDGE_CURVE('',#1765,#1761,#179,.T.);
#1382=EDGE_CURVE('',#1766,#1757,#180,.T.);
#1383=EDGE_CURVE('',#1766,#1767,#51,.T.);
#1384=EDGE_CURVE('',#1767,#1758,#181,.T.);
#1385=EDGE_CURVE('',#1768,#1752,#182,.T.);
#1386=EDGE_CURVE('',#1769,#1763,#183,.T.);
#1387=EDGE_CURVE('',#1769,#1768,#52,.T.);
#1388=EDGE_CURVE('',#1770,#1754,#184,.T.);
#1389=EDGE_CURVE('',#1770,#1771,#2007,.T.);
#1390=EDGE_CURVE('',#1771,#1755,#185,.T.);
#1391=EDGE_CURVE('',#1772,#1773,#2008,.T.);
#1392=EDGE_CURVE('',#1772,#1774,#53,.T.);
#1393=EDGE_CURVE('',#1775,#1774,#2009,.F.);
#1394=EDGE_CURVE('',#1776,#1775,#54,.T.);
#1395=EDGE_CURVE('',#1773,#1776,#55,.T.);
#1396=EDGE_CURVE('',#1777,#1778,#186,.F.);
#1397=EDGE_CURVE('',#1777,#1772,#187,.T.);
#1398=EDGE_CURVE('',#1778,#1773,#188,.T.);
#1399=EDGE_CURVE('',#1779,#1780,#56,.T.);
#1400=EDGE_CURVE('',#1781,#1779,#2010,.T.);
#1401=EDGE_CURVE('',#1781,#1782,#57,.T.);
#1402=EDGE_CURVE('',#1782,#1783,#58,.T.);
#1403=EDGE_CURVE('',#1780,#1783,#59,.T.);
#1404=EDGE_CURVE('',#1784,#1785,#60,.F.);
#1405=EDGE_CURVE('',#1784,#1786,#189,.T.);
#1406=EDGE_CURVE('',#1787,#1786,#190,.T.);
#1407=EDGE_CURVE('',#1785,#1787,#191,.F.);
#1408=EDGE_CURVE('',#1788,#1789,#61,.T.);
#1409=EDGE_CURVE('',#1789,#1784,#62,.T.);
#1410=EDGE_CURVE('',#1785,#1788,#63,.T.);
#1411=EDGE_CURVE('',#1790,#1791,#64,.F.);
#1412=EDGE_CURVE('',#1792,#1791,#65,.F.);
#1413=EDGE_CURVE('',#1792,#1793,#66,.T.);
#1414=EDGE_CURVE('',#1790,#1793,#67,.F.);
#1415=EDGE_CURVE('',#1794,#1795,#192,.F.);
#1416=EDGE_CURVE('',#1791,#1794,#193,.F.);
#1417=EDGE_CURVE('',#1790,#1795,#194,.T.);
#1418=EDGE_CURVE('',#1796,#1797,#195,.T.);
#1419=EDGE_CURVE('',#1787,#1796,#68,.T.);
#1420=EDGE_CURVE('',#1786,#1798,#69,.T.);
#1421=EDGE_CURVE('',#1798,#1799,#196,.T.);
#1422=EDGE_CURVE('',#1799,#1794,#70,.T.);
#1423=EDGE_CURVE('',#1797,#1795,#71,.T.);
#1424=EDGE_CURVE('',#1800,#1801,#72,.T.);
#1425=EDGE_CURVE('',#1801,#1802,#197,.T.);
#1426=EDGE_CURVE('',#1802,#1803,#73,.T.);
#1427=EDGE_CURVE('',#1803,#1800,#198,.F.);
#1428=EDGE_CURVE('',#1804,#1805,#199,.F.);
#1429=EDGE_CURVE('',#1805,#1806,#200,.F.);
#1430=EDGE_CURVE('',#1806,#1807,#201,.T.);
#1431=EDGE_CURVE('',#1808,#1807,#202,.T.);
#1432=EDGE_CURVE('',#1808,#1809,#203,.F.);
#1433=EDGE_CURVE('',#1809,#1810,#204,.F.);
#1434=EDGE_CURVE('',#1810,#1811,#205,.T.);
#1435=EDGE_CURVE('',#1812,#1811,#206,.T.);
#1436=EDGE_CURVE('',#1812,#1813,#2011,.F.);
#1437=EDGE_CURVE('',#1813,#1814,#207,.T.);
#1438=EDGE_CURVE('',#1814,#1815,#208,.T.);
#1439=EDGE_CURVE('',#1815,#1816,#209,.T.);
#1440=EDGE_CURVE('',#1816,#1817,#210,.F.);
#1441=EDGE_CURVE('',#1817,#1818,#211,.T.);
#1442=EDGE_CURVE('',#1818,#1819,#212,.T.);
#1443=EDGE_CURVE('',#1819,#1777,#213,.T.);
#1444=EDGE_CURVE('',#1778,#1820,#214,.T.);
#1445=EDGE_CURVE('',#1820,#1821,#2012,.F.);
#1446=EDGE_CURVE('',#1804,#1821,#215,.T.);
#1447=EDGE_CURVE('',#1822,#1823,#74,.T.);
#1448=EDGE_CURVE('',#1823,#1805,#216,.T.);
#1449=EDGE_CURVE('',#1822,#1804,#217,.T.);
#1450=EDGE_CURVE('',#1824,#1788,#75,.F.);
#1451=EDGE_CURVE('',#1825,#1824,#76,.F.);
#1452=EDGE_CURVE('',#1793,#1825,#77,.F.);
#1453=EDGE_CURVE('',#1826,#1792,#78,.F.);
#1454=EDGE_CURVE('',#1827,#1826,#79,.F.);
#1455=EDGE_CURVE('',#1789,#1827,#80,.F.);
#1456=EDGE_CURVE('',#1828,#1824,#81,.T.);
#1457=EDGE_CURVE('',#1828,#1829,#82,.T.);
#1458=EDGE_CURVE('',#1829,#1825,#83,.T.);
#1459=EDGE_CURVE('',#1829,#1797,#218,.T.);
#1460=EDGE_CURVE('',#1828,#1796,#219,.T.);
#1461=EDGE_CURVE('',#1830,#1819,#220,.T.);
#1462=EDGE_CURVE('',#1831,#1830,#84,.T.);
#1463=EDGE_CURVE('',#1816,#1831,#221,.T.);
#1464=EDGE_CURVE('',#1832,#1815,#222,.T.);
#1465=EDGE_CURVE('',#1833,#1832,#85,.T.);
#1466=EDGE_CURVE('',#1833,#1834,#223,.F.);
#1467=EDGE_CURVE('',#1834,#1835,#224,.T.);
#1468=EDGE_CURVE('',#1835,#1836,#225,.T.);
#1469=EDGE_CURVE('',#1837,#1836,#86,.T.);
#1470=EDGE_CURVE('',#1837,#1838,#226,.F.);
#1471=EDGE_CURVE('',#1838,#1839,#227,.T.);
#1472=EDGE_CURVE('',#1839,#1840,#228,.T.);
#1473=EDGE_CURVE('',#1841,#1840,#87,.T.);
#1474=EDGE_CURVE('',#1841,#1842,#229,.F.);
#1475=EDGE_CURVE('',#1842,#1843,#230,.T.);
#1476=EDGE_CURVE('',#1843,#1844,#231,.T.);
#1477=EDGE_CURVE('',#1845,#1844,#88,.T.);
#1478=EDGE_CURVE('',#1845,#1846,#232,.F.);
#1479=EDGE_CURVE('',#1846,#1847,#233,.T.);
#1480=EDGE_CURVE('',#1847,#1848,#234,.T.);
#1481=EDGE_CURVE('',#1849,#1848,#89,.T.);
#1482=EDGE_CURVE('',#1849,#1802,#90,.T.);
#1483=EDGE_CURVE('',#1782,#1801,#91,.T.);
#1484=EDGE_CURVE('',#1850,#1781,#235,.T.);
#1485=EDGE_CURVE('',#1851,#1850,#236,.T.);
#1486=EDGE_CURVE('',#1774,#1851,#237,.T.);
#1487=EDGE_CURVE('',#1852,#1753,#238,.T.);
#1488=EDGE_CURVE('',#1852,#1770,#92,.T.);
#1489=EDGE_CURVE('',#1768,#1852,#2013,.T.);
#1490=EDGE_CURVE('',#1853,#1762,#239,.T.);
#1491=EDGE_CURVE('',#1765,#1853,#93,.T.);
#1492=EDGE_CURVE('',#1854,#1759,#240,.T.);
#1493=EDGE_CURVE('',#1767,#1854,#2014,.F.);
#1494=EDGE_CURVE('',#1829,#1790,#94,.F.);
#1495=EDGE_CURVE('',#1785,#1828,#95,.T.);
#1496=EDGE_CURVE('',#1855,#1856,#96,.T.);
#1497=EDGE_CURVE('',#1857,#1855,#97,.T.);
#1498=EDGE_CURVE('',#1857,#1823,#98,.F.);
#1499=EDGE_CURVE('',#1856,#1822,#99,.T.);
#1500=EDGE_CURVE('',#1858,#1809,#241,.T.);
#1501=EDGE_CURVE('',#1859,#1858,#100,.F.);
#1502=EDGE_CURVE('',#1806,#1859,#242,.T.);
#1503=EDGE_CURVE('',#1860,#1857,#243,.T.);
#1504=EDGE_CURVE('',#1861,#1860,#244,.F.);
#1505=EDGE_CURVE('',#1862,#1861,#245,.T.);
#1506=EDGE_CURVE('',#1863,#1862,#101,.F.);
#1507=EDGE_CURVE('',#1863,#1800,#102,.T.);
#1508=EDGE_CURVE('',#1864,#1803,#103,.T.);
#1509=EDGE_CURVE('',#1865,#1864,#104,.F.);
#1510=EDGE_CURVE('',#1865,#1866,#246,.T.);
#1511=EDGE_CURVE('',#1866,#1867,#247,.F.);
#1512=EDGE_CURVE('',#1867,#1868,#248,.F.);
#1513=EDGE_CURVE('',#1869,#1868,#105,.F.);
#1514=EDGE_CURVE('',#1869,#1870,#249,.T.);
#1515=EDGE_CURVE('',#1870,#1871,#250,.F.);
#1516=EDGE_CURVE('',#1871,#1872,#251,.F.);
#1517=EDGE_CURVE('',#1873,#1872,#106,.F.);
#1518=EDGE_CURVE('',#1873,#1874,#252,.T.);
#1519=EDGE_CURVE('',#1874,#1875,#253,.F.);
#1520=EDGE_CURVE('',#1875,#1876,#254,.F.);
#1521=EDGE_CURVE('',#1877,#1876,#107,.F.);
#1522=EDGE_CURVE('',#1877,#1878,#255,.T.);
#1523=EDGE_CURVE('',#1878,#1879,#256,.F.);
#1524=EDGE_CURVE('',#1879,#1880,#257,.F.);
#1525=EDGE_CURVE('',#1881,#1880,#108,.F.);
#1526=EDGE_CURVE('',#1810,#1881,#258,.T.);
#1527=EDGE_CURVE('',#1882,#1883,#109,.F.);
#1528=EDGE_CURVE('',#1882,#1884,#259,.T.);
#1529=EDGE_CURVE('',#1885,#1884,#260,.F.);
#1530=EDGE_CURVE('',#1883,#1885,#261,.T.);
#1531=EDGE_CURVE('',#1886,#1887,#262,.T.);
#1532=EDGE_CURVE('',#1888,#1887,#263,.T.);
#1533=EDGE_CURVE('',#1889,#1888,#264,.T.);
#1534=EDGE_CURVE('',#1886,#1889,#110,.F.);
#1535=EDGE_CURVE('',#1890,#1891,#2015,.F.);
#1536=EDGE_CURVE('',#1890,#1892,#265,.T.);
#1537=EDGE_CURVE('',#1893,#1892,#266,.T.);
#1538=EDGE_CURVE('',#1891,#1893,#267,.T.);
#1539=EDGE_CURVE('',#1894,#1895,#268,.T.);
#1540=EDGE_CURVE('',#1896,#1895,#269,.T.);
#1541=EDGE_CURVE('',#1897,#1896,#270,.T.);
#1542=EDGE_CURVE('',#1894,#1897,#111,.T.);
#1543=EDGE_CURVE('',#1898,#1898,#2016,.T.);
#1544=EDGE_CURVE('',#1898,#1899,#271,.F.);
#1545=EDGE_CURVE('',#1899,#1900,#2017,.T.);
#1546=EDGE_CURVE('',#1900,#1901,#272,.F.);
#1547=EDGE_CURVE('',#1902,#1901,#112,.T.);
#1548=EDGE_CURVE('',#1813,#1902,#273,.T.);
#1549=EDGE_CURVE('',#1903,#1812,#274,.T.);
#1550=EDGE_CURVE('',#1904,#1903,#113,.T.);
#1551=EDGE_CURVE('',#1904,#1905,#275,.T.);
#1552=EDGE_CURVE('',#1905,#1906,#2018,.T.);
#1553=EDGE_CURVE('',#1907,#1906,#276,.T.);
#1554=EDGE_CURVE('',#1908,#1907,#114,.T.);
#1555=EDGE_CURVE('',#1908,#1909,#277,.T.);
#1556=EDGE_CURVE('',#1909,#1910,#2019,.T.);
#1557=EDGE_CURVE('',#1910,#1911,#278,.F.);
#1558=EDGE_CURVE('',#1912,#1911,#115,.T.);
#1559=EDGE_CURVE('',#1912,#1913,#279,.T.);
#1560=EDGE_CURVE('',#1913,#1899,#2020,.T.);
#1561=EDGE_CURVE('',#1914,#1915,#2021,.F.);
#1562=EDGE_CURVE('',#1915,#1916,#280,.T.);
#1563=EDGE_CURVE('',#1917,#1916,#281,.F.);
#1564=EDGE_CURVE('',#1914,#1917,#282,.T.);
#1565=EDGE_CURVE('',#1918,#1914,#116,.T.);
#1566=EDGE_CURVE('',#1919,#1918,#2022,.T.);
#1567=EDGE_CURVE('',#1919,#1920,#117,.T.);
#1568=EDGE_CURVE('',#1920,#1921,#2023,.F.);
#1569=EDGE_CURVE('',#1921,#1922,#118,.T.);
#1570=EDGE_CURVE('',#1922,#1923,#2024,.F.);
#1571=EDGE_CURVE('',#1924,#1923,#119,.T.);
#1572=EDGE_CURVE('',#1925,#1924,#2025,.F.);
#1573=EDGE_CURVE('',#1925,#1926,#120,.T.);
#1574=EDGE_CURVE('',#1926,#1927,#2026,.T.);
#1575=EDGE_CURVE('',#1927,#1915,#121,.T.);
#1576=EDGE_CURVE('',#1920,#1928,#283,.T.);
#1577=EDGE_CURVE('',#1929,#1928,#284,.T.);
#1578=EDGE_CURVE('',#1921,#1929,#285,.T.);
#1579=EDGE_CURVE('',#1918,#1930,#286,.T.);
#1580=EDGE_CURVE('',#1931,#1930,#287,.T.);
#1581=EDGE_CURVE('',#1919,#1931,#288,.T.);
#1582=EDGE_CURVE('',#1932,#1932,#2027,.T.);
#1583=EDGE_CURVE('',#1933,#1934,#289,.F.);
#1584=EDGE_CURVE('',#1934,#1935,#290,.F.);
#1585=EDGE_CURVE('',#1935,#1936,#291,.F.);
#1586=EDGE_CURVE('',#1936,#1937,#292,.F.);
#1587=EDGE_CURVE('',#1937,#1938,#293,.T.);
#1588=EDGE_CURVE('',#1938,#1929,#294,.F.);
#1589=EDGE_CURVE('',#1928,#1931,#295,.T.);
#1590=EDGE_CURVE('',#1930,#1917,#296,.T.);
#1591=EDGE_CURVE('',#1916,#1933,#297,.T.);
#1592=EDGE_CURVE('',#1926,#1934,#298,.T.);
#1593=EDGE_CURVE('',#1927,#1933,#299,.T.);
#1594=EDGE_CURVE('',#1932,#1939,#300,.F.);
#1595=EDGE_CURVE('',#1939,#1940,#2028,.T.);
#1596=EDGE_CURVE('',#1940,#1941,#301,.F.);
#1597=EDGE_CURVE('',#1942,#1941,#122,.T.);
#1598=EDGE_CURVE('',#1942,#1943,#302,.T.);
#1599=EDGE_CURVE('',#1943,#1944,#2029,.T.);
#1600=EDGE_CURVE('',#1944,#1945,#303,.F.);
#1601=EDGE_CURVE('',#1946,#1945,#123,.T.);
#1602=EDGE_CURVE('',#1946,#1947,#304,.T.);
#1603=EDGE_CURVE('',#1947,#1948,#2030,.T.);
#1604=EDGE_CURVE('',#1948,#1949,#305,.F.);
#1605=EDGE_CURVE('',#1950,#1949,#124,.T.);
#1606=EDGE_CURVE('',#1950,#1951,#306,.T.);
#1607=EDGE_CURVE('',#1951,#1952,#2031,.T.);
#1608=EDGE_CURVE('',#1952,#1953,#307,.F.);
#1609=EDGE_CURVE('',#1954,#1953,#125,.T.);
#1610=EDGE_CURVE('',#1954,#1955,#308,.T.);
#1611=EDGE_CURVE('',#1955,#1939,#2032,.T.);
#1612=EDGE_CURVE('',#1923,#1937,#309,.T.);
#1613=EDGE_CURVE('',#1924,#1936,#310,.T.);
#1614=EDGE_CURVE('',#1913,#1835,#311,.T.);
#1615=EDGE_CURVE('',#1900,#1834,#312,.T.);
#1616=EDGE_CURVE('',#1912,#1836,#2033,.F.);
#1617=EDGE_CURVE('',#1833,#1901,#2034,.T.);
#1618=EDGE_CURVE('',#1911,#1956,#126,.T.);
#1619=EDGE_CURVE('',#1837,#1956,#2035,.T.);
#1620=EDGE_CURVE('',#1957,#1950,#127,.T.);
#1621=EDGE_CURVE('',#1958,#1957,#128,.T.);
#1622=EDGE_CURVE('',#1958,#1951,#313,.T.);
#1623=EDGE_CURVE('',#1959,#1952,#314,.T.);
#1624=EDGE_CURVE('',#1960,#1959,#129,.T.);
#1625=EDGE_CURVE('',#1953,#1960,#130,.T.);
#1626=EDGE_CURVE('',#1959,#1958,#131,.T.);
#1627=EDGE_CURVE('',#1849,#1960,#132,.T.);
#1628=EDGE_CURVE('',#1954,#1848,#2036,.F.);
#1629=EDGE_CURVE('',#1957,#1864,#133,.T.);
#1630=EDGE_CURVE('',#1865,#1949,#2037,.F.);
#1631=EDGE_CURVE('',#1948,#1866,#315,.T.);
#1632=EDGE_CURVE('',#1867,#1947,#316,.F.);
#1633=EDGE_CURVE('',#1946,#1868,#2038,.T.);
#1634=EDGE_CURVE('',#1945,#1961,#134,.F.);
#1635=EDGE_CURVE('',#1869,#1961,#135,.T.);
#1636=EDGE_CURVE('',#1940,#1846,#317,.F.);
#1637=EDGE_CURVE('',#1847,#1955,#318,.T.);
#1638=EDGE_CURVE('',#1845,#1941,#2039,.T.);
#1639=EDGE_CURVE('',#1904,#1880,#2040,.T.);
#1640=EDGE_CURVE('',#1879,#1905,#319,.T.);
#1641=EDGE_CURVE('',#1878,#1906,#320,.T.);
#1642=EDGE_CURVE('',#1907,#1877,#2041,.T.);
#1643=EDGE_CURVE('',#1962,#1903,#136,.T.);
#1644=EDGE_CURVE('',#1881,#1962,#137,.T.);
#1645=EDGE_CURVE('',#1963,#1876,#138,.T.);
#1646=EDGE_CURVE('',#1963,#1908,#139,.F.);
#1647=EDGE_CURVE('',#1964,#1956,#321,.T.);
#1648=EDGE_CURVE('',#1964,#1838,#322,.F.);
#1649=EDGE_CURVE('',#1873,#1965,#140,.T.);
#1650=EDGE_CURVE('',#1966,#1965,#323,.F.);
#1651=EDGE_CURVE('',#1966,#1874,#324,.T.);
#1652=EDGE_CURVE('',#1875,#1967,#325,.F.);
#1653=EDGE_CURVE('',#1963,#1967,#326,.T.);
#1654=EDGE_CURVE('',#1968,#1965,#141,.F.);
#1655=EDGE_CURVE('',#1968,#1969,#327,.T.);
#1656=EDGE_CURVE('',#1969,#1966,#328,.T.);
#1657=EDGE_CURVE('',#1871,#1969,#329,.F.);
#1658=EDGE_CURVE('',#1968,#1872,#142,.T.);
#1659=EDGE_CURVE('',#1967,#1909,#330,.T.);
#1660=EDGE_CURVE('',#1970,#1870,#331,.T.);
#1661=EDGE_CURVE('',#1944,#1970,#332,.T.);
#1662=EDGE_CURVE('',#1943,#1971,#333,.T.);
#1663=EDGE_CURVE('',#1843,#1971,#334,.T.);
#1664=EDGE_CURVE('',#1972,#1842,#335,.F.);
#1665=EDGE_CURVE('',#1972,#1973,#336,.T.);
#1666=EDGE_CURVE('',#1839,#1973,#337,.T.);
#1667=EDGE_CURVE('',#1964,#1910,#338,.T.);
#1668=EDGE_CURVE('',#1841,#1974,#2042,.T.);
#1669=EDGE_CURVE('',#1972,#1974,#339,.T.);
#1670=EDGE_CURVE('',#1975,#1844,#2043,.F.);
#1671=EDGE_CURVE('',#1975,#1971,#340,.T.);
#1672=EDGE_CURVE('',#1976,#1974,#143,.T.);
#1673=EDGE_CURVE('',#1976,#1973,#341,.T.);
#1674=EDGE_CURVE('',#1975,#1942,#144,.T.);
#1675=EDGE_CURVE('',#1976,#1840,#2044,.F.);
#1676=EDGE_CURVE('',#1970,#1961,#342,.F.);
#1677=EDGE_CURVE('',#1977,#1832,#2045,.F.);
#1678=EDGE_CURVE('',#1902,#1977,#145,.T.);
#1679=EDGE_CURVE('',#1978,#1895,#343,.F.);
#1680=EDGE_CURVE('',#1979,#1894,#2046,.T.);
#1681=EDGE_CURVE('',#1979,#1978,#344,.T.);
#1682=EDGE_CURVE('',#1897,#1886,#2047,.T.);
#1683=EDGE_CURVE('',#1889,#1980,#2048,.F.);
#1684=EDGE_CURVE('',#1980,#1890,#146,.T.);
#1685=EDGE_CURVE('',#1891,#1981,#147,.T.);
#1686=EDGE_CURVE('',#1981,#1882,#2049,.F.);
#1687=EDGE_CURVE('',#1883,#1982,#2050,.T.);
#1688=EDGE_CURVE('',#1982,#1979,#148,.T.);
#1689=EDGE_CURVE('',#1853,#1769,#2051,.F.);
#1690=EDGE_CURVE('',#1854,#1764,#149,.T.);
#1691=EDGE_CURVE('',#1983,#1766,#2052,.T.);
#1692=EDGE_CURVE('',#1771,#1983,#150,.T.);
#1693=EDGE_CURVE('',#1984,#1858,#151,.T.);
#1694=EDGE_CURVE('',#1985,#1984,#152,.T.);
#1695=EDGE_CURVE('',#1859,#1985,#153,.T.);
#1696=EDGE_CURVE('',#1831,#1986,#2053,.T.);
#1697=EDGE_CURVE('',#1987,#1830,#2054,.F.);
#1698=EDGE_CURVE('',#1986,#1987,#154,.T.);
#1699=EDGE_CURVE('',#1988,#1989,#155,.T.);
#1700=EDGE_CURVE('',#1990,#1988,#156,.T.);
#1701=EDGE_CURVE('',#1990,#1863,#157,.T.);
#1702=EDGE_CURVE('',#1989,#1862,#2055,.T.);
#1703=EDGE_CURVE('',#1922,#1938,#345,.T.);
#1704=EDGE_CURVE('',#1925,#1935,#346,.T.);
#1705=EDGE_CURVE('',#1887,#1896,#347,.F.);
#1706=EDGE_CURVE('',#1978,#1991,#348,.F.);
#1707=EDGE_CURVE('',#1991,#1885,#349,.F.);
#1708=EDGE_CURVE('',#1884,#1992,#350,.T.);
#1709=EDGE_CURVE('',#1992,#1893,#351,.F.);
#1710=EDGE_CURVE('',#1892,#1993,#352,.T.);
#1711=EDGE_CURVE('',#1993,#1888,#353,.T.);
#1712=EDGE_CURVE('',#1981,#1992,#354,.T.);
#1713=EDGE_CURVE('',#1982,#1991,#355,.T.);
#1714=EDGE_CURVE('',#1980,#1993,#356,.T.);
#1715=EDGE_CURVE('',#1827,#1994,#158,.T.);
#1716=EDGE_CURVE('',#1994,#1784,#159,.T.);
#1717=EDGE_CURVE('',#1826,#1995,#160,.T.);
#1718=EDGE_CURVE('',#1995,#1994,#161,.T.);
#1719=EDGE_CURVE('',#1791,#1995,#162,.T.);
#1720=EDGE_CURVE('',#1996,#1990,#163,.T.);
#1721=EDGE_CURVE('',#1997,#1996,#164,.T.);
#1722=EDGE_CURVE('',#1783,#1997,#165,.T.);
#1723=EDGE_CURVE('',#1994,#1798,#357,.T.);
#1724=EDGE_CURVE('',#1995,#1799,#358,.T.);
#1725=EDGE_CURVE('',#1983,#1756,#359,.T.);
#1726=EDGE_CURVE('',#1751,#1998,#360,.F.);
#1727=EDGE_CURVE('',#1999,#1998,#2056,.F.);
#1728=EDGE_CURVE('',#1779,#1999,#361,.T.);
#1729=EDGE_CURVE('',#2000,#1780,#362,.T.);
#1730=EDGE_CURVE('',#2001,#2000,#2057,.F.);
#1731=EDGE_CURVE('',#1988,#2001,#363,.T.);
#1732=EDGE_CURVE('',#2002,#1989,#364,.F.);
#1733=EDGE_CURVE('',#2003,#2002,#2058,.F.);
#1734=EDGE_CURVE('',#1855,#2003,#365,.T.);
#1735=EDGE_CURVE('',#1821,#1856,#366,.F.);
#1736=EDGE_CURVE('',#1776,#1820,#367,.T.);
#1737=EDGE_CURVE('',#2004,#1775,#368,.F.);
#1738=EDGE_CURVE('',#1998,#2004,#2059,.F.);
#1739=EDGE_CURVE('',#1850,#1999,#369,.F.);
#1740=EDGE_CURVE('',#2004,#1851,#370,.T.);
#1741=EDGE_CURVE('',#1860,#2003,#371,.T.);
#1742=EDGE_CURVE('',#2002,#1861,#372,.F.);
#1743=EDGE_CURVE('',#1987,#1818,#373,.T.);
#1744=EDGE_CURVE('',#1807,#1985,#374,.F.);
#1745=EDGE_CURVE('',#1817,#1986,#375,.T.);
#1746=EDGE_CURVE('',#1984,#1808,#376,.T.);
#1747=EDGE_CURVE('',#1977,#1814,#377,.T.);
#1748=EDGE_CURVE('',#1811,#1962,#378,.F.);
#1749=EDGE_CURVE('',#2000,#1997,#379,.T.);
#1750=EDGE_CURVE('',#2001,#1996,#380,.T.);
#1751=VERTEX_POINT('',#3350);
#1752=VERTEX_POINT('',#3352);
#1753=VERTEX_POINT('',#3353);
#1754=VERTEX_POINT('',#3355);
#1755=VERTEX_POINT('',#3357);
#1756=VERTEX_POINT('',#3359);
#1757=VERTEX_POINT('',#3361);
#1758=VERTEX_POINT('',#3363);
#1759=VERTEX_POINT('',#3365);
#1760=VERTEX_POINT('',#3367);
#1761=VERTEX_POINT('',#3369);
#1762=VERTEX_POINT('',#3371);
#1763=VERTEX_POINT('',#3373);
#1764=VERTEX_POINT('',#3377);
#1765=VERTEX_POINT('',#3379);
#1766=VERTEX_POINT('',#3383);
#1767=VERTEX_POINT('',#3388);
#1768=VERTEX_POINT('',#3392);
#1769=VERTEX_POINT('',#3394);
#1770=VERTEX_POINT('',#3401);
#1771=VERTEX_POINT('',#3403);
#1772=VERTEX_POINT('',#3407);
#1773=VERTEX_POINT('',#3408);
#1774=VERTEX_POINT('',#3413);
#1775=VERTEX_POINT('',#3415);
#1776=VERTEX_POINT('',#3421);
#1777=VERTEX_POINT('',#3428);
#1778=VERTEX_POINT('',#3429);
#1779=VERTEX_POINT('',#3438);
#1780=VERTEX_POINT('',#3439);
#1781=VERTEX_POINT('',#3441);
#1782=VERTEX_POINT('',#3446);
#1783=VERTEX_POINT('',#3451);
#1784=VERTEX_POINT('',#3461);
#1785=VERTEX_POINT('',#3462);
#1786=VERTEX_POINT('',#3464);
#1787=VERTEX_POINT('',#3466);
#1788=VERTEX_POINT('',#3473);
#1789=VERTEX_POINT('',#3474);
#1790=VERTEX_POINT('',#3488);
#1791=VERTEX_POINT('',#3489);
#1792=VERTEX_POINT('',#3494);
#1793=VERTEX_POINT('',#3499);
#1794=VERTEX_POINT('',#3506);
#1795=VERTEX_POINT('',#3507);
#1796=VERTEX_POINT('',#3512);
#1797=VERTEX_POINT('',#3513);
#1798=VERTEX_POINT('',#3522);
#1799=VERTEX_POINT('',#3524);
#1800=VERTEX_POINT('',#3537);
#1801=VERTEX_POINT('',#3538);
#1802=VERTEX_POINT('',#3540);
#1803=VERTEX_POINT('',#3545);
#1804=VERTEX_POINT('',#3549);
#1805=VERTEX_POINT('',#3550);
#1806=VERTEX_POINT('',#3552);
#1807=VERTEX_POINT('',#3554);
#1808=VERTEX_POINT('',#3556);
#1809=VERTEX_POINT('',#3558);
#1810=VERTEX_POINT('',#3560);
#1811=VERTEX_POINT('',#3562);
#1812=VERTEX_POINT('',#3564);
#1813=VERTEX_POINT('',#3566);
#1814=VERTEX_POINT('',#3568);
#1815=VERTEX_POINT('',#3570);
#1816=VERTEX_POINT('',#3572);
#1817=VERTEX_POINT('',#3574);
#1818=VERTEX_POINT('',#3576);
#1819=VERTEX_POINT('',#3578);
#1820=VERTEX_POINT('',#3581);
#1821=VERTEX_POINT('',#3583);
#1822=VERTEX_POINT('',#3590);
#1823=VERTEX_POINT('',#3591);
#1824=VERTEX_POINT('',#3600);
#1825=VERTEX_POINT('',#3630);
#1826=VERTEX_POINT('',#3641);
#1827=VERTEX_POINT('',#3663);
#1828=VERTEX_POINT('',#3738);
#1829=VERTEX_POINT('',#3746);
#1830=VERTEX_POINT('',#3771);
#1831=VERTEX_POINT('',#3776);
#1832=VERTEX_POINT('',#3779);
#1833=VERTEX_POINT('',#3784);
#1834=VERTEX_POINT('',#3786);
#1835=VERTEX_POINT('',#3788);
#1836=VERTEX_POINT('',#3790);
#1837=VERTEX_POINT('',#3795);
#1838=VERTEX_POINT('',#3797);
#1839=VERTEX_POINT('',#3799);
#1840=VERTEX_POINT('',#3801);
#1841=VERTEX_POINT('',#3806);
#1842=VERTEX_POINT('',#3808);
#1843=VERTEX_POINT('',#3810);
#1844=VERTEX_POINT('',#3812);
#1845=VERTEX_POINT('',#3817);
#1846=VERTEX_POINT('',#3819);
#1847=VERTEX_POINT('',#3821);
#1848=VERTEX_POINT('',#3823);
#1849=VERTEX_POINT('',#3828);
#1850=VERTEX_POINT('',#3838);
#1851=VERTEX_POINT('',#3840);
#1852=VERTEX_POINT('',#3844);
#1853=VERTEX_POINT('',#3853);
#1854=VERTEX_POINT('',#3860);
#1855=VERTEX_POINT('',#3934);
#1856=VERTEX_POINT('',#3935);
#1857=VERTEX_POINT('',#3940);
#1858=VERTEX_POINT('',#3951);
#1859=VERTEX_POINT('',#3956);
#1860=VERTEX_POINT('',#3959);
#1861=VERTEX_POINT('',#3961);
#1862=VERTEX_POINT('',#3963);
#1863=VERTEX_POINT('',#3968);
#1864=VERTEX_POINT('',#3977);
#1865=VERTEX_POINT('',#3982);
#1866=VERTEX_POINT('',#3984);
#1867=VERTEX_POINT('',#3986);
#1868=VERTEX_POINT('',#3988);
#1869=VERTEX_POINT('',#3993);
#1870=VERTEX_POINT('',#3995);
#1871=VERTEX_POINT('',#3997);
#1872=VERTEX_POINT('',#3999);
#1873=VERTEX_POINT('',#4004);
#1874=VERTEX_POINT('',#4006);
#1875=VERTEX_POINT('',#4008);
#1876=VERTEX_POINT('',#4010);
#1877=VERTEX_POINT('',#4015);
#1878=VERTEX_POINT('',#4017);
#1879=VERTEX_POINT('',#4019);
#1880=VERTEX_POINT('',#4021);
#1881=VERTEX_POINT('',#4026);
#1882=VERTEX_POINT('',#4033);
#1883=VERTEX_POINT('',#4034);
#1884=VERTEX_POINT('',#4036);
#1885=VERTEX_POINT('',#4038);
#1886=VERTEX_POINT('',#4042);
#1887=VERTEX_POINT('',#4043);
#1888=VERTEX_POINT('',#4045);
#1889=VERTEX_POINT('',#4047);
#1890=VERTEX_POINT('',#4054);
#1891=VERTEX_POINT('',#4055);
#1892=VERTEX_POINT('',#4057);
#1893=VERTEX_POINT('',#4059);
#1894=VERTEX_POINT('',#4063);
#1895=VERTEX_POINT('',#4064);
#1896=VERTEX_POINT('',#4066);
#1897=VERTEX_POINT('',#4068);
#1898=VERTEX_POINT('',#4075);
#1899=VERTEX_POINT('',#4077);
#1900=VERTEX_POINT('',#4079);
#1901=VERTEX_POINT('',#4081);
#1902=VERTEX_POINT('',#4087);
#1903=VERTEX_POINT('',#4090);
#1904=VERTEX_POINT('',#4096);
#1905=VERTEX_POINT('',#4098);
#1906=VERTEX_POINT('',#4100);
#1907=VERTEX_POINT('',#4102);
#1908=VERTEX_POINT('',#4108);
#1909=VERTEX_POINT('',#4110);
#1910=VERTEX_POINT('',#4112);
#1911=VERTEX_POINT('',#4114);
#1912=VERTEX_POINT('',#4120);
#1913=VERTEX_POINT('',#4122);
#1914=VERTEX_POINT('',#4126);
#1915=VERTEX_POINT('',#4127);
#1916=VERTEX_POINT('',#4129);
#1917=VERTEX_POINT('',#4131);
#1918=VERTEX_POINT('',#4138);
#1919=VERTEX_POINT('',#4140);
#1920=VERTEX_POINT('',#4145);
#1921=VERTEX_POINT('',#4147);
#1922=VERTEX_POINT('',#4152);
#1923=VERTEX_POINT('',#4154);
#1924=VERTEX_POINT('',#4159);
#1925=VERTEX_POINT('',#4161);
#1926=VERTEX_POINT('',#4166);
#1927=VERTEX_POINT('',#4168);
#1928=VERTEX_POINT('',#4175);
#1929=VERTEX_POINT('',#4177);
#1930=VERTEX_POINT('',#4181);
#1931=VERTEX_POINT('',#4183);
#1932=VERTEX_POINT('',#4187);
#1933=VERTEX_POINT('',#4189);
#1934=VERTEX_POINT('',#4190);
#1935=VERTEX_POINT('',#4192);
#1936=VERTEX_POINT('',#4194);
#1937=VERTEX_POINT('',#4196);
#1938=VERTEX_POINT('',#4198);
#1939=VERTEX_POINT('',#4209);
#1940=VERTEX_POINT('',#4211);
#1941=VERTEX_POINT('',#4213);
#1942=VERTEX_POINT('',#4219);
#1943=VERTEX_POINT('',#4221);
#1944=VERTEX_POINT('',#4223);
#1945=VERTEX_POINT('',#4225);
#1946=VERTEX_POINT('',#4231);
#1947=VERTEX_POINT('',#4233);
#1948=VERTEX_POINT('',#4235);
#1949=VERTEX_POINT('',#4237);
#1950=VERTEX_POINT('',#4243);
#1951=VERTEX_POINT('',#4245);
#1952=VERTEX_POINT('',#4247);
#1953=VERTEX_POINT('',#4249);
#1954=VERTEX_POINT('',#4255);
#1955=VERTEX_POINT('',#4257);
#1956=VERTEX_POINT('',#4274);
#1957=VERTEX_POINT('',#4281);
#1958=VERTEX_POINT('',#4286);
#1959=VERTEX_POINT('',#4290);
#1960=VERTEX_POINT('',#4295);
#1961=VERTEX_POINT('',#4355);
#1962=VERTEX_POINT('',#4379);
#1963=VERTEX_POINT('',#4389);
#1964=VERTEX_POINT('',#4396);
#1965=VERTEX_POINT('',#4403);
#1966=VERTEX_POINT('',#4405);
#1967=VERTEX_POINT('',#4409);
#1968=VERTEX_POINT('',#4416);
#1969=VERTEX_POINT('',#4418);
#1970=VERTEX_POINT('',#4429);
#1971=VERTEX_POINT('',#4432);
#1972=VERTEX_POINT('',#4435);
#1973=VERTEX_POINT('',#4437);
#1974=VERTEX_POINT('',#4442);
#1975=VERTEX_POINT('',#4446);
#1976=VERTEX_POINT('',#4453);
#1977=VERTEX_POINT('',#4472);
#1978=VERTEX_POINT('',#4479);
#1979=VERTEX_POINT('',#4481);
#1980=VERTEX_POINT('',#4486);
#1981=VERTEX_POINT('',#4495);
#1982=VERTEX_POINT('',#4498);
#1983=VERTEX_POINT('',#4510);
#1984=VERTEX_POINT('',#4520);
#1985=VERTEX_POINT('',#4525);
#1986=VERTEX_POINT('',#4532);
#1987=VERTEX_POINT('',#4534);
#1988=VERTEX_POINT('',#4545);
#1989=VERTEX_POINT('',#4546);
#1990=VERTEX_POINT('',#4551);
#1991=VERTEX_POINT('',#4568);
#1992=VERTEX_POINT('',#4571);
#1993=VERTEX_POINT('',#4574);
#1994=VERTEX_POINT('',#4592);
#1995=VERTEX_POINT('',#4667);
#1996=VERTEX_POINT('',#4777);
#1997=VERTEX_POINT('',#4782);
#1998=VERTEX_POINT('',#4868);
#1999=VERTEX_POINT('',#4870);
#2000=VERTEX_POINT('',#4873);
#2001=VERTEX_POINT('',#4875);
#2002=VERTEX_POINT('',#4878);
#2003=VERTEX_POINT('',#4880);
#2004=VERTEX_POINT('',#4885);
#2005=CIRCLE('',#2591,0.003);
#2006=CIRCLE('',#2593,0.0403599651033597);
#2007=CIRCLE('',#2597,0.0403599651033597);
#2008=CIRCLE('',#2599,0.040422662707208);
#2009=CIRCLE('',#2600,0.040422662707208);
#2010=CIRCLE('',#2603,0.0404226627070553);
#2011=CIRCLE('',#2610,0.003);
#2012=CIRCLE('',#2611,0.003);
#2013=CIRCLE('',#2617,0.0403599651033597);
#2014=CIRCLE('',#2620,0.0403599651033597);
#2015=CIRCLE('',#2626,0.0403599651031782);
#2016=CIRCLE('',#2629,0.003);
#2017=CIRCLE('',#2630,0.003);
#2018=CIRCLE('',#2631,0.003);
#2019=CIRCLE('',#2632,0.003);
#2020=CIRCLE('',#2633,0.003);
#2021=CIRCLE('',#2635,0.0403599651031355);
#2022=CIRCLE('',#2637,0.0403599651031355);
#2023=CIRCLE('',#2638,0.0403599651031355);
#2024=CIRCLE('',#2639,0.0403599651031355);
#2025=CIRCLE('',#2640,0.0403599651031355);
#2026=CIRCLE('',#2641,0.0403599651031355);
#2027=CIRCLE('',#2645,0.003);
#2028=CIRCLE('',#2649,0.003);
#2029=CIRCLE('',#2650,0.003);
#2030=CIRCLE('',#2651,0.003);
#2031=CIRCLE('',#2652,0.003);
#2032=CIRCLE('',#2653,0.003);
#2033=CIRCLE('',#2657,0.0404226627071727);
#2034=CIRCLE('',#2659,0.0404226627071899);
#2035=CIRCLE('',#2661,0.0404226627071727);
#2036=CIRCLE('',#2666,0.0404226627071445);
#2037=CIRCLE('',#2668,0.0403632702592464);
#2038=CIRCLE('',#2671,0.0403632702590804);
#2039=CIRCLE('',#2677,0.0404226627072172);
#2040=CIRCLE('',#2679,0.0403632702591391);
#2041=CIRCLE('',#2681,0.0403632702590929);
#2042=CIRCLE('',#2692,0.0404226627070152);
#2043=CIRCLE('',#2694,0.0404226627072172);
#2044=CIRCLE('',#2698,0.0404226627070152);
#2045=CIRCLE('',#2707,0.0404226627071899);
#2046=CIRCLE('',#2709,0.0403599651031782);
#2047=CIRCLE('',#2711,0.0403599651031782);
#2048=CIRCLE('',#2712,0.0403599651031782);
#2049=CIRCLE('',#2713,0.0403599651031782);
#2050=CIRCLE('',#2714,0.0403599651031782);
#2051=CIRCLE('',#2716,0.0403599651033597);
#2052=CIRCLE('',#2717,0.0403599651033597);
#2053=CIRCLE('',#2720,0.0404226627072465);
#2054=CIRCLE('',#2721,0.0404226627072465);
#2055=CIRCLE('',#2723,0.0403632702590719);
#2056=CIRCLE('',#2745,0.003);
#2057=CIRCLE('',#2746,0.003);
#2058=CIRCLE('',#2747,0.003);
#2059=CIRCLE('',#2748,0.003);
#2060=EDGE_LOOP('',(#596));
#2061=EDGE_LOOP('',(#597,#598,#599,#600,#601,#602,#603,#604,#605,#606,#607,
#608));
#2062=EDGE_LOOP('',(#609,#610,#611,#612));
#2063=EDGE_LOOP('',(#613,#614,#615,#616));
#2064=EDGE_LOOP('',(#617,#618,#619,#620));
#2065=EDGE_LOOP('',(#621,#622,#623,#624));
#2066=EDGE_LOOP('',(#625,#626,#627,#628,#629));
#2067=EDGE_LOOP('',(#630,#631,#632,#633));
#2068=EDGE_LOOP('',(#634,#635,#636,#637,#638));
#2069=EDGE_LOOP('',(#639,#640,#641,#642));
#2070=EDGE_LOOP('',(#643,#644,#645,#646));
#2071=EDGE_LOOP('',(#647,#648,#649,#650));
#2072=EDGE_LOOP('',(#651,#652,#653,#654));
#2073=EDGE_LOOP('',(#655,#656,#657,#658,#659,#660,#661,#662));
#2074=EDGE_LOOP('',(#663,#664,#665,#666));
#2075=EDGE_LOOP('',(#667,#668,#669,#670,#671,#672,#673,#674,#675,#676,#677,
#678,#679,#680,#681,#682,#683,#684,#685,#686));
#2076=EDGE_LOOP('',(#687,#688,#689,#690));
#2077=EDGE_LOOP('',(#691,#692,#693,#694,#695,#696,#697,#698));
#2078=EDGE_LOOP('',(#699,#700,#701,#702));
#2079=EDGE_LOOP('',(#703,#704,#705,#706));
#2080=EDGE_LOOP('',(#707,#708,#709,#710,#711,#712,#713,#714,#715,#716,#717,
#718,#719,#720,#721,#722,#723,#724,#725,#726,#727,#728,#729,#730,#731,#732,
#733,#734,#735,#736,#737,#738));
#2081=EDGE_LOOP('',(#739,#740,#741,#742));
#2082=EDGE_LOOP('',(#743,#744,#745,#746));
#2083=EDGE_LOOP('',(#747,#748,#749,#750));
#2084=EDGE_LOOP('',(#751,#752,#753,#754));
#2085=EDGE_LOOP('',(#755,#756,#757,#758));
#2086=EDGE_LOOP('',(#759,#760,#761,#762));
#2087=EDGE_LOOP('',(#763,#764,#765,#766,#767));
#2088=EDGE_LOOP('',(#768,#769,#770,#771,#772,#773,#774,#775,#776,#777,#778,
#779,#780,#781,#782,#783,#784,#785,#786,#787,#788,#789,#790,#791,#792,#793,
#794,#795,#796,#797,#798,#799));
#2089=EDGE_LOOP('',(#800,#801,#802,#803));
#2090=EDGE_LOOP('',(#804,#805,#806,#807));
#2091=EDGE_LOOP('',(#808,#809,#810,#811));
#2092=EDGE_LOOP('',(#812,#813,#814,#815));
#2093=EDGE_LOOP('',(#816,#817,#818,#819,#820,#821,#822,#823,#824,#825,#826,
#827,#828,#829,#830,#831,#832,#833,#834,#835));
#2094=EDGE_LOOP('',(#836,#837,#838,#839));
#2095=EDGE_LOOP('',(#840,#841,#842,#843,#844,#845,#846,#847,#848,#849,#850,
#851));
#2096=EDGE_LOOP('',(#852,#853,#854,#855));
#2097=EDGE_LOOP('',(#856,#857,#858,#859));
#2098=EDGE_LOOP('',(#860));
#2099=EDGE_LOOP('',(#861,#862,#863,#864,#865,#866,#867,#868,#869,#870,#871,
#872));
#2100=EDGE_LOOP('',(#873,#874,#875,#876));
#2101=EDGE_LOOP('',(#877,#878,#879,#880));
#2102=EDGE_LOOP('',(#881,#882,#883,#884,#885,#886,#887,#888,#889,#890,#891,
#892,#893,#894,#895,#896,#897,#898,#899,#900));
#2103=EDGE_LOOP('',(#901,#902,#903,#904));
#2104=EDGE_LOOP('',(#905,#906,#907,#908,#909));
#2105=EDGE_LOOP('',(#910,#911,#912,#913));
#2106=EDGE_LOOP('',(#914,#915,#916,#917));
#2107=EDGE_LOOP('',(#918,#919,#920,#921,#922));
#2108=EDGE_LOOP('',(#923,#924,#925,#926));
#2109=EDGE_LOOP('',(#927,#928,#929,#930));
#2110=EDGE_LOOP('',(#931,#932,#933,#934));
#2111=EDGE_LOOP('',(#935,#936,#937,#938,#939));
#2112=EDGE_LOOP('',(#940,#941,#942,#943,#944,#945,#946,#947));
#2113=EDGE_LOOP('',(#948,#949,#950,#951));
#2114=EDGE_LOOP('',(#952,#953,#954,#955));
#2115=EDGE_LOOP('',(#956,#957,#958,#959));
#2116=EDGE_LOOP('',(#960,#961,#962,#963,#964));
#2117=EDGE_LOOP('',(#965,#966,#967,#968,#969));
#2118=EDGE_LOOP('',(#970,#971,#972,#973,#974));
#2119=EDGE_LOOP('',(#975,#976,#977,#978));
#2120=EDGE_LOOP('',(#979,#980,#981,#982));
#2121=EDGE_LOOP('',(#983,#984,#985,#986));
#2122=EDGE_LOOP('',(#987,#988,#989,#990));
#2123=EDGE_LOOP('',(#991,#992,#993,#994));
#2124=EDGE_LOOP('',(#995,#996,#997,#998,#999));
#2125=EDGE_LOOP('',(#1000,#1001,#1002,#1003,#1004));
#2126=EDGE_LOOP('',(#1005,#1006,#1007,#1008));
#2127=EDGE_LOOP('',(#1009,#1010,#1011,#1012));
#2128=EDGE_LOOP('',(#1013,#1014,#1015,#1016));
#2129=EDGE_LOOP('',(#1017,#1018,#1019,#1020));
#2130=EDGE_LOOP('',(#1021,#1022,#1023,#1024));
#2131=EDGE_LOOP('',(#1025,#1026,#1027,#1028,#1029,#1030,#1031,#1032,#1033,
#1034,#1035,#1036,#1037,#1038,#1039,#1040,#1041,#1042,#1043,#1044));
#2132=EDGE_LOOP('',(#1045,#1046,#1047,#1048));
#2133=EDGE_LOOP('',(#1049,#1050,#1051,#1052));
#2134=EDGE_LOOP('',(#1053,#1054,#1055,#1056));
#2135=EDGE_LOOP('',(#1057,#1058,#1059,#1060));
#2136=EDGE_LOOP('',(#1061,#1062,#1063,#1064));
#2137=EDGE_LOOP('',(#1065,#1066,#1067,#1068));
#2138=EDGE_LOOP('',(#1069,#1070,#1071,#1072));
#2139=EDGE_LOOP('',(#1073,#1074,#1075,#1076));
#2140=EDGE_LOOP('',(#1077,#1078,#1079,#1080));
#2141=EDGE_LOOP('',(#1081,#1082,#1083,#1084));
#2142=EDGE_LOOP('',(#1085,#1086,#1087,#1088,#1089));
#2143=EDGE_LOOP('',(#1090,#1091,#1092,#1093));
#2144=EDGE_LOOP('',(#1094,#1095,#1096,#1097,#1098));
#2145=EDGE_LOOP('',(#1099,#1100,#1101,#1102));
#2146=EDGE_LOOP('',(#1103,#1104,#1105,#1106,#1107,#1108,#1109,#1110,#1111,
#1112,#1113,#1114));
#2147=EDGE_LOOP('',(#1115,#1116,#1117,#1118,#1119,#1120,#1121,#1122,#1123,
#1124,#1125,#1126));
#2148=EDGE_LOOP('',(#1127,#1128,#1129,#1130));
#2149=EDGE_LOOP('',(#1131,#1132,#1133,#1134));
#2150=EDGE_LOOP('',(#1135,#1136,#1137,#1138,#1139));
#2151=EDGE_LOOP('',(#1140,#1141,#1142,#1143));
#2152=EDGE_LOOP('',(#1144,#1145,#1146,#1147));
#2153=EDGE_LOOP('',(#1148,#1149,#1150,#1151));
#2154=EDGE_LOOP('',(#1152,#1153,#1154,#1155));
#2155=EDGE_LOOP('',(#1156,#1157,#1158,#1159));
#2156=EDGE_LOOP('',(#1160,#1161,#1162,#1163));
#2157=EDGE_LOOP('',(#1164));
#2158=EDGE_LOOP('',(#1165,#1166,#1167,#1168,#1169,#1170,#1171,#1172,#1173,
#1174,#1175,#1176));
#2159=EDGE_LOOP('',(#1177,#1178,#1179,#1180));
#2160=EDGE_LOOP('',(#1181,#1182,#1183,#1184));
#2161=EDGE_LOOP('',(#1185,#1186,#1187,#1188));
#2162=EDGE_LOOP('',(#1189,#1190,#1191,#1192));
#2163=EDGE_LOOP('',(#1193,#1194,#1195,#1196));
#2164=EDGE_LOOP('',(#1197,#1198,#1199,#1200));
#2165=EDGE_LOOP('',(#1201,#1202,#1203,#1204));
#2166=EDGE_LOOP('',(#1205,#1206,#1207,#1208));
#2167=EDGE_LOOP('',(#1209,#1210,#1211,#1212));
#2168=EDGE_LOOP('',(#1213,#1214,#1215,#1216));
#2169=EDGE_LOOP('',(#1217,#1218,#1219,#1220));
#2170=EDGE_LOOP('',(#1221,#1222,#1223,#1224));
#2171=EDGE_LOOP('',(#1225,#1226,#1227,#1228,#1229,#1230,#1231,#1232));
#2172=EDGE_LOOP('',(#1233,#1234,#1235,#1236));
#2173=EDGE_LOOP('',(#1237,#1238,#1239,#1240));
#2174=EDGE_LOOP('',(#1241,#1242,#1243,#1244));
#2175=EDGE_LOOP('',(#1245,#1246,#1247,#1248));
#2176=EDGE_LOOP('',(#1249,#1250,#1251,#1252));
#2177=EDGE_LOOP('',(#1253,#1254,#1255,#1256));
#2178=EDGE_LOOP('',(#1257,#1258,#1259,#1260));
#2179=EDGE_LOOP('',(#1261,#1262,#1263,#1264,#1265,#1266,#1267,#1268,#1269,
#1270,#1271,#1272,#1273,#1274,#1275,#1276,#1277,#1278,#1279,#1280));
#2180=EDGE_LOOP('',(#1281,#1282,#1283,#1284,#1285));
#2181=EDGE_LOOP('',(#1286,#1287,#1288,#1289));
#2182=EDGE_LOOP('',(#1290,#1291,#1292,#1293));
#2183=EDGE_LOOP('',(#1294,#1295,#1296,#1297));
#2184=EDGE_LOOP('',(#1298,#1299,#1300,#1301));
#2185=EDGE_LOOP('',(#1302,#1303,#1304,#1305));
#2186=EDGE_LOOP('',(#1306,#1307,#1308,#1309));
#2187=EDGE_LOOP('',(#1310,#1311,#1312,#1313));
#2188=EDGE_LOOP('',(#1314,#1315,#1316,#1317));
#2189=EDGE_LOOP('',(#1318,#1319,#1320,#1321));
#2190=EDGE_LOOP('',(#1322,#1323,#1324,#1325));
#2191=EDGE_LOOP('',(#1326,#1327,#1328,#1329));
#2192=EDGE_LOOP('',(#1330,#1331,#1332,#1333));
#2193=EDGE_LOOP('',(#1334,#1335,#1336,#1337));
#2194=EDGE_LOOP('',(#1338,#1339,#1340,#1341));
#2195=EDGE_LOOP('',(#1342,#1343,#1344,#1345));
#2196=EDGE_LOOP('',(#1346,#1347,#1348,#1349));
#2197=EDGE_LOOP('',(#1350,#1351,#1352,#1353));
#2198=EDGE_LOOP('',(#1354,#1355,#1356,#1357));
#2199=EDGE_LOOP('',(#1358,#1359,#1360,#1361));
#2200=EDGE_LOOP('',(#1362,#1363,#1364,#1365));
#2201=FACE_BOUND('',#2060,.T.);
#2202=FACE_BOUND('',#2061,.T.);
#2203=FACE_BOUND('',#2062,.T.);
#2204=FACE_BOUND('',#2063,.T.);
#2205=FACE_BOUND('',#2064,.T.);
#2206=FACE_BOUND('',#2065,.T.);
#2207=FACE_BOUND('',#2066,.T.);
#2208=FACE_BOUND('',#2067,.T.);
#2209=FACE_BOUND('',#2068,.T.);
#2210=FACE_BOUND('',#2069,.T.);
#2211=FACE_BOUND('',#2070,.T.);
#2212=FACE_BOUND('',#2071,.T.);
#2213=FACE_BOUND('',#2072,.T.);
#2214=FACE_BOUND('',#2073,.T.);
#2215=FACE_BOUND('',#2074,.T.);
#2216=FACE_BOUND('',#2075,.T.);
#2217=FACE_BOUND('',#2076,.T.);
#2218=FACE_BOUND('',#2077,.T.);
#2219=FACE_BOUND('',#2078,.T.);
#2220=FACE_BOUND('',#2079,.T.);
#2221=FACE_BOUND('',#2080,.T.);
#2222=FACE_BOUND('',#2081,.T.);
#2223=FACE_BOUND('',#2082,.T.);
#2224=FACE_BOUND('',#2083,.T.);
#2225=FACE_BOUND('',#2084,.T.);
#2226=FACE_BOUND('',#2085,.T.);
#2227=FACE_BOUND('',#2086,.T.);
#2228=FACE_BOUND('',#2087,.T.);
#2229=FACE_BOUND('',#2088,.T.);
#2230=FACE_BOUND('',#2089,.T.);
#2231=FACE_BOUND('',#2090,.T.);
#2232=FACE_BOUND('',#2091,.T.);
#2233=FACE_BOUND('',#2092,.T.);
#2234=FACE_BOUND('',#2093,.T.);
#2235=FACE_BOUND('',#2094,.T.);
#2236=FACE_BOUND('',#2095,.T.);
#2237=FACE_BOUND('',#2096,.T.);
#2238=FACE_BOUND('',#2097,.T.);
#2239=FACE_BOUND('',#2098,.T.);
#2240=FACE_BOUND('',#2099,.T.);
#2241=FACE_BOUND('',#2100,.T.);
#2242=FACE_BOUND('',#2101,.T.);
#2243=FACE_BOUND('',#2102,.T.);
#2244=FACE_BOUND('',#2103,.T.);
#2245=FACE_BOUND('',#2104,.T.);
#2246=FACE_BOUND('',#2105,.T.);
#2247=FACE_BOUND('',#2106,.T.);
#2248=FACE_BOUND('',#2107,.T.);
#2249=FACE_BOUND('',#2108,.T.);
#2250=FACE_BOUND('',#2109,.T.);
#2251=FACE_BOUND('',#2110,.T.);
#2252=FACE_BOUND('',#2111,.T.);
#2253=FACE_BOUND('',#2112,.T.);
#2254=FACE_BOUND('',#2113,.T.);
#2255=FACE_BOUND('',#2114,.T.);
#2256=FACE_BOUND('',#2115,.T.);
#2257=FACE_BOUND('',#2116,.T.);
#2258=FACE_BOUND('',#2117,.T.);
#2259=FACE_BOUND('',#2118,.T.);
#2260=FACE_BOUND('',#2119,.T.);
#2261=FACE_BOUND('',#2120,.T.);
#2262=FACE_BOUND('',#2121,.T.);
#2263=FACE_BOUND('',#2122,.T.);
#2264=FACE_BOUND('',#2123,.T.);
#2265=FACE_BOUND('',#2124,.T.);
#2266=FACE_BOUND('',#2125,.T.);
#2267=FACE_BOUND('',#2126,.T.);
#2268=FACE_BOUND('',#2127,.T.);
#2269=FACE_BOUND('',#2128,.T.);
#2270=FACE_BOUND('',#2129,.T.);
#2271=FACE_BOUND('',#2130,.T.);
#2272=FACE_BOUND('',#2131,.T.);
#2273=FACE_BOUND('',#2132,.T.);
#2274=FACE_BOUND('',#2133,.T.);
#2275=FACE_BOUND('',#2134,.T.);
#2276=FACE_BOUND('',#2135,.T.);
#2277=FACE_BOUND('',#2136,.T.);
#2278=FACE_BOUND('',#2137,.T.);
#2279=FACE_BOUND('',#2138,.T.);
#2280=FACE_BOUND('',#2139,.T.);
#2281=FACE_BOUND('',#2140,.T.);
#2282=FACE_BOUND('',#2141,.T.);
#2283=FACE_BOUND('',#2142,.T.);
#2284=FACE_BOUND('',#2143,.T.);
#2285=FACE_BOUND('',#2144,.T.);
#2286=FACE_BOUND('',#2145,.T.);
#2287=FACE_BOUND('',#2146,.T.);
#2288=FACE_BOUND('',#2147,.T.);
#2289=FACE_BOUND('',#2148,.T.);
#2290=FACE_BOUND('',#2149,.T.);
#2291=FACE_BOUND('',#2150,.T.);
#2292=FACE_BOUND('',#2151,.T.);
#2293=FACE_BOUND('',#2152,.T.);
#2294=FACE_BOUND('',#2153,.T.);
#2295=FACE_BOUND('',#2154,.T.);
#2296=FACE_BOUND('',#2155,.T.);
#2297=FACE_BOUND('',#2156,.T.);
#2298=FACE_BOUND('',#2157,.T.);
#2299=FACE_BOUND('',#2158,.T.);
#2300=FACE_BOUND('',#2159,.T.);
#2301=FACE_BOUND('',#2160,.T.);
#2302=FACE_BOUND('',#2161,.T.);
#2303=FACE_BOUND('',#2162,.T.);
#2304=FACE_BOUND('',#2163,.T.);
#2305=FACE_BOUND('',#2164,.T.);
#2306=FACE_BOUND('',#2165,.T.);
#2307=FACE_BOUND('',#2166,.T.);
#2308=FACE_BOUND('',#2167,.T.);
#2309=FACE_BOUND('',#2168,.T.);
#2310=FACE_BOUND('',#2169,.T.);
#2311=FACE_BOUND('',#2170,.T.);
#2312=FACE_BOUND('',#2171,.T.);
#2313=FACE_BOUND('',#2172,.T.);
#2314=FACE_BOUND('',#2173,.T.);
#2315=FACE_BOUND('',#2174,.T.);
#2316=FACE_BOUND('',#2175,.T.);
#2317=FACE_BOUND('',#2176,.T.);
#2318=FACE_BOUND('',#2177,.T.);
#2319=FACE_BOUND('',#2178,.T.);
#2320=FACE_BOUND('',#2179,.T.);
#2321=FACE_BOUND('',#2180,.T.);
#2322=FACE_BOUND('',#2181,.T.);
#2323=FACE_BOUND('',#2182,.T.);
#2324=FACE_BOUND('',#2183,.T.);
#2325=FACE_BOUND('',#2184,.T.);
#2326=FACE_BOUND('',#2185,.T.);
#2327=FACE_BOUND('',#2186,.T.);
#2328=FACE_BOUND('',#2187,.T.);
#2329=FACE_BOUND('',#2188,.T.);
#2330=FACE_BOUND('',#2189,.T.);
#2331=FACE_BOUND('',#2190,.T.);
#2332=FACE_BOUND('',#2191,.T.);
#2333=FACE_BOUND('',#2192,.T.);
#2334=FACE_BOUND('',#2193,.T.);
#2335=FACE_BOUND('',#2194,.T.);
#2336=FACE_BOUND('',#2195,.T.);
#2337=FACE_BOUND('',#2196,.T.);
#2338=FACE_BOUND('',#2197,.T.);
#2339=FACE_BOUND('',#2198,.T.);
#2340=FACE_BOUND('',#2199,.T.);
#2341=FACE_BOUND('',#2200,.T.);
#2342=PLANE('',#2590);
#2343=PLANE('',#2592);
#2344=PLANE('',#2594);
#2345=PLANE('',#2595);
#2346=PLANE('',#2596);
#2347=PLANE('',#2601);
#2348=PLANE('',#2604);
#2349=PLANE('',#2607);
#2350=PLANE('',#2608);
#2351=PLANE('',#2609);
#2352=PLANE('',#2612);
#2353=PLANE('',#2614);
#2354=PLANE('',#2615);
#2355=PLANE('',#2616);
#2356=PLANE('',#2618);
#2357=PLANE('',#2619);
#2358=PLANE('',#2622);
#2359=PLANE('',#2623);
#2360=PLANE('',#2624);
#2361=PLANE('',#2625);
#2362=PLANE('',#2627);
#2363=PLANE('',#2634);
#2364=PLANE('',#2642);
#2365=PLANE('',#2643);
#2366=PLANE('',#2644);
#2367=PLANE('',#2646);
#2368=PLANE('',#2647);
#2369=PLANE('',#2654);
#2370=PLANE('',#2655);
#2371=PLANE('',#2656);
#2372=PLANE('',#2658);
#2373=PLANE('',#2662);
#2374=PLANE('',#2663);
#2375=PLANE('',#2664);
#2376=PLANE('',#2667);
#2377=PLANE('',#2669);
#2378=PLANE('',#2670);
#2379=PLANE('',#2674);
#2380=PLANE('',#2675);
#2381=PLANE('',#2676);
#2382=PLANE('',#2678);
#2383=PLANE('',#2680);
#2384=PLANE('',#2682);
#2385=PLANE('',#2685);
#2386=PLANE('',#2686);
#2387=PLANE('',#2687);
#2388=PLANE('',#2688);
#2389=PLANE('',#2689);
#2390=PLANE('',#2690);
#2391=PLANE('',#2691);
#2392=PLANE('',#2693);
#2393=PLANE('',#2695);
#2394=PLANE('',#2696);
#2395=PLANE('',#2697);
#2396=PLANE('',#2699);
#2397=PLANE('',#2700);
#2398=PLANE('',#2701);
#2399=PLANE('',#2702);
#2400=PLANE('',#2708);
#2401=PLANE('',#2724);
#2402=PLANE('',#2725);
#2403=PLANE('',#2726);
#2404=PLANE('',#2727);
#2405=PLANE('',#2728);
#2406=PLANE('',#2729);
#2407=PLANE('',#2730);
#2408=PLANE('',#2731);
#2409=PLANE('',#2732);
#2410=PLANE('',#2733);
#2411=PLANE('',#2734);
#2412=PLANE('',#2735);
#2413=PLANE('',#2736);
#2414=PLANE('',#2737);
#2415=PLANE('',#2740);
#2416=PLANE('',#2741);
#2417=PLANE('',#2742);
#2418=PLANE('',#2743);
#2419=PLANE('',#2749);
#2420=PLANE('',#2750);
#2421=PLANE('',#2751);
#2422=PLANE('',#2752);
#2423=PLANE('',#2753);
#2424=PLANE('',#2754);
#2425=PLANE('',#2755);
#2426=PLANE('',#2756);
#2427=PLANE('',#2757);
#2428=PLANE('',#2758);
#2429=PLANE('',#2759);
#2430=PLANE('',#2760);
#2431=PLANE('',#2761);
#2432=PLANE('',#2762);
#2433=PLANE('',#2763);
#2434=PLANE('',#2764);
#2435=PLANE('',#2765);
#2436=PLANE('',#2766);
#2437=PLANE('',#2767);
#2438=PLANE('',#2768);
#2439=PLANE('',#2769);
#2440=ADVANCED_FACE('',(#2201,#2202),#2342,.F.);
#2441=ADVANCED_FACE('',(#2203),#2343,.T.);
#2442=ADVANCED_FACE('',(#2204),#2344,.T.);
#2443=ADVANCED_FACE('',(#2205),#2345,.T.);
#2444=ADVANCED_FACE('',(#2206),#2346,.T.);
#2445=ADVANCED_FACE('',(#2207),#26,.F.);
#2446=ADVANCED_FACE('',(#2208),#2347,.T.);
#2447=ADVANCED_FACE('',(#2209),#27,.F.);
#2448=ADVANCED_FACE('',(#2210),#2348,.F.);
#2449=ADVANCED_FACE('',(#2211),#28,.T.);
#2450=ADVANCED_FACE('',(#2212),#29,.T.);
#2451=ADVANCED_FACE('',(#2213),#2349,.F.);
#2452=ADVANCED_FACE('',(#2214,#2215),#2350,.T.);
#2453=ADVANCED_FACE('',(#2216),#2351,.F.);
#2454=ADVANCED_FACE('',(#2217),#2352,.T.);
#2455=ADVANCED_FACE('',(#2218),#30,.T.);
#2456=ADVANCED_FACE('',(#2219),#14,.F.);
#2457=ADVANCED_FACE('',(#2220),#15,.F.);
#2458=ADVANCED_FACE('',(#2221),#2353,.T.);
#2459=ADVANCED_FACE('',(#2222),#2354,.T.);
#2460=ADVANCED_FACE('',(#2223),#2355,.T.);
#2461=ADVANCED_FACE('',(#2224),#2356,.T.);
#2462=ADVANCED_FACE('',(#2225),#2357,.T.);
#2463=ADVANCED_FACE('',(#2226),#16,.F.);
#2464=ADVANCED_FACE('',(#2227),#17,.F.);
#2465=ADVANCED_FACE('',(#2228),#31,.F.);
#2466=ADVANCED_FACE('',(#2229),#2358,.T.);
#2467=ADVANCED_FACE('',(#2230),#2359,.T.);
#2468=ADVANCED_FACE('',(#2231),#2360,.T.);
#2469=ADVANCED_FACE('',(#2232),#2361,.T.);
#2470=ADVANCED_FACE('',(#2233),#2362,.T.);
#2471=ADVANCED_FACE('',(#2234),#32,.T.);
#2472=ADVANCED_FACE('',(#2235),#2363,.T.);
#2473=ADVANCED_FACE('',(#2236),#33,.F.);
#2474=ADVANCED_FACE('',(#2237),#2364,.T.);
#2475=ADVANCED_FACE('',(#2238),#2365,.T.);
#2476=ADVANCED_FACE('',(#2239,#2240),#2366,.F.);
#2477=ADVANCED_FACE('',(#2241),#2367,.T.);
#2478=ADVANCED_FACE('',(#2242),#2368,.T.);
#2479=ADVANCED_FACE('',(#2243),#34,.T.);
#2480=ADVANCED_FACE('',(#2244),#2369,.T.);
#2481=ADVANCED_FACE('',(#2245),#2370,.F.);
#2482=ADVANCED_FACE('',(#2246),#2371,.F.);
#2483=ADVANCED_FACE('',(#2247),#2372,.T.);
#2484=ADVANCED_FACE('',(#2248),#35,.F.);
#2485=ADVANCED_FACE('',(#2249),#2373,.T.);
#2486=ADVANCED_FACE('',(#2250),#2374,.F.);
#2487=ADVANCED_FACE('',(#2251),#2375,.F.);
#2488=ADVANCED_FACE('',(#2252),#36,.F.);
#2489=ADVANCED_FACE('',(#2253),#18,.F.);
#2490=ADVANCED_FACE('',(#2254),#2376,.F.);
#2491=ADVANCED_FACE('',(#2255),#2377,.F.);
#2492=ADVANCED_FACE('',(#2256),#2378,.T.);
#2493=ADVANCED_FACE('',(#2257),#37,.F.);
#2494=ADVANCED_FACE('',(#2258),#38,.F.);
#2495=ADVANCED_FACE('',(#2259),#2379,.F.);
#2496=ADVANCED_FACE('',(#2260),#2380,.F.);
#2497=ADVANCED_FACE('',(#2261),#2381,.T.);
#2498=ADVANCED_FACE('',(#2262),#2382,.T.);
#2499=ADVANCED_FACE('',(#2263),#2383,.F.);
#2500=ADVANCED_FACE('',(#2264),#2384,.F.);
#2501=ADVANCED_FACE('',(#2265),#39,.F.);
#2502=ADVANCED_FACE('',(#2266),#40,.F.);
#2503=ADVANCED_FACE('',(#2267),#2385,.T.);
#2504=ADVANCED_FACE('',(#2268),#2386,.F.);
#2505=ADVANCED_FACE('',(#2269),#2387,.T.);
#2506=ADVANCED_FACE('',(#2270),#2388,.T.);
#2507=ADVANCED_FACE('',(#2271),#2389,.T.);
#2508=ADVANCED_FACE('',(#2272),#2390,.F.);
#2509=ADVANCED_FACE('',(#2273),#2391,.T.);
#2510=ADVANCED_FACE('',(#2274),#2392,.F.);
#2511=ADVANCED_FACE('',(#2275),#2393,.F.);
#2512=ADVANCED_FACE('',(#2276),#2394,.F.);
#2513=ADVANCED_FACE('',(#2277),#2395,.F.);
#2514=ADVANCED_FACE('',(#2278),#2396,.F.);
#2515=ADVANCED_FACE('',(#2279),#2397,.T.);
#2516=ADVANCED_FACE('',(#2280),#2398,.F.);
#2517=ADVANCED_FACE('',(#2281),#2399,.T.);
#2518=ADVANCED_FACE('',(#2282),#41,.F.);
#2519=ADVANCED_FACE('',(#2283),#42,.F.);
#2520=ADVANCED_FACE('',(#2284),#43,.F.);
#2521=ADVANCED_FACE('',(#2285),#44,.F.);
#2522=ADVANCED_FACE('',(#2286),#2400,.T.);
#2523=ADVANCED_FACE('',(#2287),#45,.F.);
#2524=ADVANCED_FACE('',(#2288),#46,.F.);
#2525=ADVANCED_FACE('',(#2289),#47,.F.);
#2526=ADVANCED_FACE('',(#2290),#48,.F.);
#2527=ADVANCED_FACE('',(#2291),#49,.F.);
#2528=ADVANCED_FACE('',(#2292),#2401,.T.);
#2529=ADVANCED_FACE('',(#2293),#2402,.T.);
#2530=ADVANCED_FACE('',(#2294),#2403,.T.);
#2531=ADVANCED_FACE('',(#2295),#2404,.T.);
#2532=ADVANCED_FACE('',(#2296),#2405,.T.);
#2533=ADVANCED_FACE('',(#2297),#2406,.T.);
#2534=ADVANCED_FACE('',(#2298,#2299),#2407,.F.);
#2535=ADVANCED_FACE('',(#2300),#2408,.T.);
#2536=ADVANCED_FACE('',(#2301),#2409,.T.);
#2537=ADVANCED_FACE('',(#2302),#2410,.T.);
#2538=ADVANCED_FACE('',(#2303),#2411,.T.);
#2539=ADVANCED_FACE('',(#2304),#2412,.T.);
#2540=ADVANCED_FACE('',(#2305),#2413,.T.);
#2541=ADVANCED_FACE('',(#2306),#2414,.T.);
#2542=ADVANCED_FACE('',(#2307),#12,.T.);
#2543=ADVANCED_FACE('',(#2308),#13,.T.);
#2544=ADVANCED_FACE('',(#2309),#19,.F.);
#2545=ADVANCED_FACE('',(#2310),#20,.F.);
#2546=ADVANCED_FACE('',(#2311),#21,.F.);
#2547=ADVANCED_FACE('',(#2312),#22,.T.);
#2548=ADVANCED_FACE('',(#2313),#23,.T.);
#2549=ADVANCED_FACE('',(#2314),#24,.T.);
#2550=ADVANCED_FACE('',(#2315),#25,.T.);
#2551=ADVANCED_FACE('',(#2316),#2415,.T.);
#2552=ADVANCED_FACE('',(#2317),#2416,.T.);
#2553=ADVANCED_FACE('',(#2318),#2417,.T.);
#2554=ADVANCED_FACE('',(#2319),#2418,.T.);
#2555=ADVANCED_FACE('',(#2320),#50,.T.);
#2556=ADVANCED_FACE('',(#2321),#2419,.F.);
#2557=ADVANCED_FACE('',(#2322),#2420,.T.);
#2558=ADVANCED_FACE('',(#2323),#2421,.F.);
#2559=ADVANCED_FACE('',(#2324),#2422,.F.);
#2560=ADVANCED_FACE('',(#2325),#2423,.F.);
#2561=ADVANCED_FACE('',(#2326),#2424,.T.);
#2562=ADVANCED_FACE('',(#2327),#2425,.F.);
#2563=ADVANCED_FACE('',(#2328),#2426,.T.);
#2564=ADVANCED_FACE('',(#2329),#2427,.F.);
#2565=ADVANCED_FACE('',(#2330),#2428,.F.);
#2566=ADVANCED_FACE('',(#2331),#2429,.F.);
#2567=ADVANCED_FACE('',(#2332),#2430,.T.);
#2568=ADVANCED_FACE('',(#2333),#2431,.T.);
#2569=ADVANCED_FACE('',(#2334),#2432,.T.);
#2570=ADVANCED_FACE('',(#2335),#2433,.F.);
#2571=ADVANCED_FACE('',(#2336),#2434,.F.);
#2572=ADVANCED_FACE('',(#2337),#2435,.F.);
#2573=ADVANCED_FACE('',(#2338),#2436,.T.);
#2574=ADVANCED_FACE('',(#2339),#2437,.F.);
#2575=ADVANCED_FACE('',(#2340),#2438,.T.);
#2576=ADVANCED_FACE('',(#2341),#2439,.F.);
#2577=CLOSED_SHELL('',(#2440,#2441,#2442,#2443,#2444,#2445,#2446,#2447,
#2448,#2449,#2450,#2451,#2452,#2453,#2454,#2455,#2456,#2457,#2458,#2459,
#2460,#2461,#2462,#2463,#2464,#2465,#2466,#2467,#2468,#2469,#2470,#2471,
#2472,#2473,#2474,#2475,#2476,#2477,#2478,#2479,#2480,#2481,#2482,#2483,
#2484,#2485,#2486,#2487,#2488,#2489,#2490,#2491,#2492,#2493,#2494,#2495,
#2496,#2497,#2498,#2499,#2500,#2501,#2502,#2503,#2504,#2505,#2506,#2507,
#2508,#2509,#2510,#2511,#2512,#2513,#2514,#2515,#2516,#2517,#2518,#2519,
#2520,#2521,#2522,#2523,#2524,#2525,#2526,#2527,#2528,#2529,#2530,#2531,
#2532,#2533,#2534,#2535,#2536,#2537,#2538,#2539,#2540,#2541,#2542,#2543,
#2544,#2545,#2546,#2547,#2548,#2549,#2550,#2551,#2552,#2553,#2554,#2555,
#2556,#2557,#2558,#2559,#2560,#2561,#2562,#2563,#2564,#2565,#2566,#2567,
#2568,#2569,#2570,#2571,#2572,#2573,#2574,#2575,#2576));
#2578=STYLED_ITEM('',(#2579),#2586);
#2579=PRESENTATION_STYLE_ASSIGNMENT((#2580));
#2580=SURFACE_STYLE_USAGE(.BOTH.,#2581);
#2581=SURFACE_SIDE_STYLE('',(#2582));
#2582=SURFACE_STYLE_FILL_AREA(#2583);
#2583=FILL_AREA_STYLE('',(#2584));
#2584=FILL_AREA_STYLE_COLOUR('',#2585);
#2585=DRAUGHTING_PRE_DEFINED_COLOUR('white');
#2586=MANIFOLD_SOLID_BREP('4D8',#2577);
#2587=SHAPE_DEFINITION_REPRESENTATION(#4926,#2588);
#2588=SHAPE_REPRESENTATION('4D8',(#2589),#4921);
#2589=AXIS2_PLACEMENT_3D('',#3347,#2770,#2771);
#2590=AXIS2_PLACEMENT_3D('',#3348,#2772,#2773);
#2591=AXIS2_PLACEMENT_3D('',#3349,#2774,#2775);
#2592=AXIS2_PLACEMENT_3D('',#3375,#2788,#2789);
#2593=AXIS2_PLACEMENT_3D('',#3378,#2791,#2792);
#2594=AXIS2_PLACEMENT_3D('',#3381,#2794,#2795);
#2595=AXIS2_PLACEMENT_3D('',#3390,#2798,#2799);
#2596=AXIS2_PLACEMENT_3D('',#3399,#2802,#2803);
#2597=AXIS2_PLACEMENT_3D('',#3402,#2805,#2806);
#2598=AXIS2_PLACEMENT_3D('',#3405,#2808,#2809);
#2599=AXIS2_PLACEMENT_3D('',#3406,#2810,#2811);
#2600=AXIS2_PLACEMENT_3D('',#3414,#2812,#2813);
#2601=AXIS2_PLACEMENT_3D('',#3426,#2814,#2815);
#2602=AXIS2_PLACEMENT_3D('',#3432,#2819,#2820);
#2603=AXIS2_PLACEMENT_3D('',#3440,#2821,#2822);
#2604=AXIS2_PLACEMENT_3D('',#3456,#2823,#2824);
#2605=AXIS2_PLACEMENT_3D('',#3468,#2828,#2829);
#2606=AXIS2_PLACEMENT_3D('',#3483,#2830,#2831);
#2607=AXIS2_PLACEMENT_3D('',#3504,#2832,#2833);
#2608=AXIS2_PLACEMENT_3D('',#3510,#2837,#2838);
#2609=AXIS2_PLACEMENT_3D('',#3547,#2843,#2844);
#2610=AXIS2_PLACEMENT_3D('',#3565,#2853,#2854);
#2611=AXIS2_PLACEMENT_3D('',#3582,#2863,#2864);
#2612=AXIS2_PLACEMENT_3D('',#3585,#2866,#2867);
#2613=AXIS2_PLACEMENT_3D('',#3594,#2870,#2871);
#2614=AXIS2_PLACEMENT_3D('',#3769,#2874,#2875);
#2615=AXIS2_PLACEMENT_3D('',#3842,#2894,#2895);
#2616=AXIS2_PLACEMENT_3D('',#3849,#2897,#2898);
#2617=AXIS2_PLACEMENT_3D('',#3850,#2899,#2900);
#2618=AXIS2_PLACEMENT_3D('',#3851,#2901,#2902);
#2619=AXIS2_PLACEMENT_3D('',#3858,#2904,#2905);
#2620=AXIS2_PLACEMENT_3D('',#3861,#2907,#2908);
#2621=AXIS2_PLACEMENT_3D('',#3928,#2909,#2910);
#2622=AXIS2_PLACEMENT_3D('',#3949,#2911,#2912);
#2623=AXIS2_PLACEMENT_3D('',#4028,#2931,#2932);
#2624=AXIS2_PLACEMENT_3D('',#4040,#2936,#2937);
#2625=AXIS2_PLACEMENT_3D('',#4052,#2941,#2942);
#2626=AXIS2_PLACEMENT_3D('',#4053,#2943,#2944);
#2627=AXIS2_PLACEMENT_3D('',#4061,#2948,#2949);
#2628=AXIS2_PLACEMENT_3D('',#4073,#2953,#2954);
#2629=AXIS2_PLACEMENT_3D('',#4074,#2955,#2956);
#2630=AXIS2_PLACEMENT_3D('',#4078,#2958,#2959);
#2631=AXIS2_PLACEMENT_3D('',#4099,#2964,#2965);
#2632=AXIS2_PLACEMENT_3D('',#4111,#2968,#2969);
#2633=AXIS2_PLACEMENT_3D('',#4123,#2972,#2973);
#2634=AXIS2_PLACEMENT_3D('',#4124,#2974,#2975);
#2635=AXIS2_PLACEMENT_3D('',#4125,#2976,#2977);
#2636=AXIS2_PLACEMENT_3D('',#4133,#2981,#2982);
#2637=AXIS2_PLACEMENT_3D('',#4139,#2983,#2984);
#2638=AXIS2_PLACEMENT_3D('',#4146,#2985,#2986);
#2639=AXIS2_PLACEMENT_3D('',#4153,#2987,#2988);
#2640=AXIS2_PLACEMENT_3D('',#4160,#2989,#2990);
#2641=AXIS2_PLACEMENT_3D('',#4167,#2991,#2992);
#2642=AXIS2_PLACEMENT_3D('',#4173,#2993,#2994);
#2643=AXIS2_PLACEMENT_3D('',#4179,#2998,#2999);
#2644=AXIS2_PLACEMENT_3D('',#4185,#3003,#3004);
#2645=AXIS2_PLACEMENT_3D('',#4186,#3005,#3006);
#2646=AXIS2_PLACEMENT_3D('',#4203,#3016,#3017);
#2647=AXIS2_PLACEMENT_3D('',#4206,#3020,#3021);
#2648=AXIS2_PLACEMENT_3D('',#4207,#3022,#3023);
#2649=AXIS2_PLACEMENT_3D('',#4210,#3025,#3026);
#2650=AXIS2_PLACEMENT_3D('',#4222,#3029,#3030);
#2651=AXIS2_PLACEMENT_3D('',#4234,#3033,#3034);
#2652=AXIS2_PLACEMENT_3D('',#4246,#3037,#3038);
#2653=AXIS2_PLACEMENT_3D('',#4258,#3041,#3042);
#2654=AXIS2_PLACEMENT_3D('',#4259,#3043,#3044);
#2655=AXIS2_PLACEMENT_3D('',#4262,#3047,#3048);
#2656=AXIS2_PLACEMENT_3D('',#4265,#3051,#3052);
#2657=AXIS2_PLACEMENT_3D('',#4266,#3053,#3054);
#2658=AXIS2_PLACEMENT_3D('',#4267,#3055,#3056);
#2659=AXIS2_PLACEMENT_3D('',#4268,#3057,#3058);
#2660=AXIS2_PLACEMENT_3D('',#4269,#3059,#3060);
#2661=AXIS2_PLACEMENT_3D('',#4275,#3061,#3062);
#2662=AXIS2_PLACEMENT_3D('',#4276,#3063,#3064);
#2663=AXIS2_PLACEMENT_3D('',#4288,#3066,#3067);
#2664=AXIS2_PLACEMENT_3D('',#4300,#3069,#3070);
#2665=AXIS2_PLACEMENT_3D('',#4305,#3071,#3072);
#2666=AXIS2_PLACEMENT_3D('',#4310,#3073,#3074);
#2667=AXIS2_PLACEMENT_3D('',#4343,#3075,#3076);
#2668=AXIS2_PLACEMENT_3D('',#4344,#3077,#3078);
#2669=AXIS2_PLACEMENT_3D('',#4346,#3080,#3081);
#2670=AXIS2_PLACEMENT_3D('',#4348,#3083,#3084);
#2671=AXIS2_PLACEMENT_3D('',#4349,#3085,#3086);
#2672=AXIS2_PLACEMENT_3D('',#4350,#3087,#3088);
#2673=AXIS2_PLACEMENT_3D('',#4360,#3089,#3090);
#2674=AXIS2_PLACEMENT_3D('',#4361,#3091,#3092);
#2675=AXIS2_PLACEMENT_3D('',#4364,#3095,#3096);
#2676=AXIS2_PLACEMENT_3D('',#4365,#3097,#3098);
#2677=AXIS2_PLACEMENT_3D('',#4366,#3099,#3100);
#2678=AXIS2_PLACEMENT_3D('',#4367,#3101,#3102);
#2679=AXIS2_PLACEMENT_3D('',#4368,#3103,#3104);
#2680=AXIS2_PLACEMENT_3D('',#4370,#3106,#3107);
#2681=AXIS2_PLACEMENT_3D('',#4372,#3109,#3110);
#2682=AXIS2_PLACEMENT_3D('',#4373,#3111,#3112);
#2683=AXIS2_PLACEMENT_3D('',#4374,#3113,#3114);
#2684=AXIS2_PLACEMENT_3D('',#4384,#3115,#3116);
#2685=AXIS2_PLACEMENT_3D('',#4394,#3117,#3118);
#2686=AXIS2_PLACEMENT_3D('',#4398,#3121,#3122);
#2687=AXIS2_PLACEMENT_3D('',#4407,#3125,#3126);
#2688=AXIS2_PLACEMENT_3D('',#4411,#3129,#3130);
#2689=AXIS2_PLACEMENT_3D('',#4420,#3133,#3134);
#2690=AXIS2_PLACEMENT_3D('',#4426,#3136,#3137);
#2691=AXIS2_PLACEMENT_3D('',#4440,#3147,#3148);
#2692=AXIS2_PLACEMENT_3D('',#4441,#3149,#3150);
#2693=AXIS2_PLACEMENT_3D('',#4444,#3152,#3153);
#2694=AXIS2_PLACEMENT_3D('',#4445,#3154,#3155);
#2695=AXIS2_PLACEMENT_3D('',#4448,#3157,#3158);
#2696=AXIS2_PLACEMENT_3D('',#4455,#3160,#3161);
#2697=AXIS2_PLACEMENT_3D('',#4460,#3162,#3163);
#2698=AXIS2_PLACEMENT_3D('',#4461,#3164,#3165);
#2699=AXIS2_PLACEMENT_3D('',#4462,#3166,#3167);
#2700=AXIS2_PLACEMENT_3D('',#4463,#3168,#3169);
#2701=AXIS2_PLACEMENT_3D('',#4465,#3171,#3172);
#2702=AXIS2_PLACEMENT_3D('',#4466,#3173,#3174);
#2703=AXIS2_PLACEMENT_3D('',#4467,#3175,#3176);
#2704=AXIS2_PLACEMENT_3D('',#4468,#3177,#3178);
#2705=AXIS2_PLACEMENT_3D('',#4469,#3179,#3180);
#2706=AXIS2_PLACEMENT_3D('',#4470,#3181,#3182);
#2707=AXIS2_PLACEMENT_3D('',#4471,#3183,#3184);
#2708=AXIS2_PLACEMENT_3D('',#4477,#3185,#3186);
#2709=AXIS2_PLACEMENT_3D('',#4480,#3188,#3189);
#2710=AXIS2_PLACEMENT_3D('',#4483,#3191,#3192);
#2711=AXIS2_PLACEMENT_3D('',#4484,#3193,#3194);
#2712=AXIS2_PLACEMENT_3D('',#4485,#3195,#3196);
#2713=AXIS2_PLACEMENT_3D('',#4496,#3197,#3198);
#2714=AXIS2_PLACEMENT_3D('',#4497,#3199,#3200);
#2715=AXIS2_PLACEMENT_3D('',#4503,#3201,#3202);
#2716=AXIS2_PLACEMENT_3D('',#4504,#3203,#3204);
#2717=AXIS2_PLACEMENT_3D('',#4509,#3205,#3206);
#2718=AXIS2_PLACEMENT_3D('',#4515,#3207,#3208);
#2719=AXIS2_PLACEMENT_3D('',#4530,#3209,#3210);
#2720=AXIS2_PLACEMENT_3D('',#4531,#3211,#3212);
#2721=AXIS2_PLACEMENT_3D('',#4533,#3213,#3214);
#2722=AXIS2_PLACEMENT_3D('',#4539,#3215,#3216);
#2723=AXIS2_PLACEMENT_3D('',#4556,#3217,#3218);
#2724=AXIS2_PLACEMENT_3D('',#4557,#3219,#3220);
#2725=AXIS2_PLACEMENT_3D('',#4559,#3222,#3223);
#2726=AXIS2_PLACEMENT_3D('',#4560,#3224,#3225);
#2727=AXIS2_PLACEMENT_3D('',#4562,#3227,#3228);
#2728=AXIS2_PLACEMENT_3D('',#4563,#3229,#3230);
#2729=AXIS2_PLACEMENT_3D('',#4564,#3231,#3232);
#2730=AXIS2_PLACEMENT_3D('',#4565,#3233,#3234);
#2731=AXIS2_PLACEMENT_3D('',#4576,#3242,#3243);
#2732=AXIS2_PLACEMENT_3D('',#4578,#3245,#3246);
#2733=AXIS2_PLACEMENT_3D('',#4579,#3247,#3248);
#2734=AXIS2_PLACEMENT_3D('',#4581,#3250,#3251);
#2735=AXIS2_PLACEMENT_3D('',#4582,#3252,#3253);
#2736=AXIS2_PLACEMENT_3D('',#4584,#3255,#3256);
#2737=AXIS2_PLACEMENT_3D('',#4585,#3257,#3258);
#2738=AXIS2_PLACEMENT_3D('',#4586,#3259,#3260);
#2739=AXIS2_PLACEMENT_3D('',#4587,#3261,#3262);
#2740=AXIS2_PLACEMENT_3D('',#4861,#3265,#3266);
#2741=AXIS2_PLACEMENT_3D('',#4862,#3267,#3268);
#2742=AXIS2_PLACEMENT_3D('',#4864,#3270,#3271);
#2743=AXIS2_PLACEMENT_3D('',#4865,#3272,#3273);
#2744=AXIS2_PLACEMENT_3D('',#4866,#3274,#3275);
#2745=AXIS2_PLACEMENT_3D('',#4869,#3277,#3278);
#2746=AXIS2_PLACEMENT_3D('',#4874,#3281,#3282);
#2747=AXIS2_PLACEMENT_3D('',#4879,#3285,#3286);
#2748=AXIS2_PLACEMENT_3D('',#4886,#3291,#3292);
#2749=AXIS2_PLACEMENT_3D('',#4887,#3293,#3294);
#2750=AXIS2_PLACEMENT_3D('',#4890,#3297,#3298);
#2751=AXIS2_PLACEMENT_3D('',#4891,#3299,#3300);
#2752=AXIS2_PLACEMENT_3D('',#4892,#3301,#3302);
#2753=AXIS2_PLACEMENT_3D('',#4895,#3305,#3306);
#2754=AXIS2_PLACEMENT_3D('',#4896,#3307,#3308);
#2755=AXIS2_PLACEMENT_3D('',#4897,#3309,#3310);
#2756=AXIS2_PLACEMENT_3D('',#4898,#3311,#3312);
#2757=AXIS2_PLACEMENT_3D('',#4899,#3313,#3314);
#2758=AXIS2_PLACEMENT_3D('',#4901,#3316,#3317);
#2759=AXIS2_PLACEMENT_3D('',#4903,#3319,#3320);
#2760=AXIS2_PLACEMENT_3D('',#4905,#3322,#3323);
#2761=AXIS2_PLACEMENT_3D('',#4907,#3325,#3326);
#2762=AXIS2_PLACEMENT_3D('',#4908,#3327,#3328);
#2763=AXIS2_PLACEMENT_3D('',#4909,#3329,#3330);
#2764=AXIS2_PLACEMENT_3D('',#4911,#3332,#3333);
#2765=AXIS2_PLACEMENT_3D('',#4913,#3335,#3336);
#2766=AXIS2_PLACEMENT_3D('',#4914,#3337,#3338);
#2767=AXIS2_PLACEMENT_3D('',#4915,#3339,#3340);
#2768=AXIS2_PLACEMENT_3D('',#4917,#3342,#3343);
#2769=AXIS2_PLACEMENT_3D('',#4919,#3345,#3346);
#2770=DIRECTION('',(0.,0.,1.));
#2771=DIRECTION('',(1.,0.,0.));
#2772=DIRECTION('',(0.,0.,1.));
#2773=DIRECTION('',(1.,0.,0.));
#2774=DIRECTION('',(0.,1.22464679914735E-16,-1.));
#2775=DIRECTION('',(0.,1.,1.22464679914735E-16));
#2776=DIRECTION('',(0.,1.,0.));
#2777=DIRECTION('',(1.,0.,0.));
#2778=DIRECTION('',(0.,-1.,1.83697019872103E-16));
#2779=DIRECTION('',(1.,0.,0.));
#2780=DIRECTION('',(0.,1.,0.));
#2781=DIRECTION('',(1.,0.,0.));
#2782=DIRECTION('',(0.,1.,0.));
#2783=DIRECTION('',(1.,0.,0.));
#2784=DIRECTION('',(0.,1.,0.));
#2785=DIRECTION('',(1.,0.,0.));
#2786=DIRECTION('',(0.,1.,0.));
#2787=DIRECTION('',(1.,0.,0.));
#2788=DIRECTION('',(-1.,0.,0.));
#2789=DIRECTION('',(0.,1.,-1.83697019872103E-16));
#2790=DIRECTION('',(0.,1.22464679914735E-16,-1.));
#2791=DIRECTION('',(1.,1.99185219751244E-11,-3.21169023650445E-12));
#2792=DIRECTION('',(-1.99185219751244E-11,1.,0.));
#2793=DIRECTION('',(0.,-1.83697019872103E-16,-1.));
#2794=DIRECTION('',(0.,1.,1.22464679914735E-16));
#2795=DIRECTION('',(1.,0.,0.));
#2796=DIRECTION('',(0.,-1.83697019872103E-16,-1.));
#2797=DIRECTION('',(0.,1.22464679914735E-16,-1.));
#2798=DIRECTION('',(0.,-1.,-1.22464679914735E-16));
#2799=DIRECTION('',(-1.,0.,0.));
#2800=DIRECTION('',(0.,1.22464679914735E-16,-1.));
#2801=DIRECTION('',(0.,-1.83697019872103E-16,-1.));
#2802=DIRECTION('',(1.,0.,0.));
#2803=DIRECTION('',(0.,-1.,1.83697019872103E-16));
#2804=DIRECTION('',(0.,1.22464679914735E-16,-1.));
#2805=DIRECTION('',(1.,1.99185219751244E-11,-3.21169023650445E-12));
#2806=DIRECTION('',(-1.99185219751244E-11,1.,0.));
#2807=DIRECTION('',(0.,-1.83697019872103E-16,-1.));
#2808=DIRECTION('',(1.,2.16838314449411E-11,-3.4171032472368E-12));
#2809=DIRECTION('',(-2.16838314449411E-11,1.,0.));
#2810=DIRECTION('',(1.,2.16838314449411E-11,-3.4171032472368E-12));
#2811=DIRECTION('',(-2.16838314449411E-11,1.,0.));
#2812=DIRECTION('',(1.,2.16838314449411E-11,-3.4171032472368E-12));
#2813=DIRECTION('',(-2.16838314449411E-11,1.,0.));
#2814=DIRECTION('',(1.,0.,0.));
#2815=DIRECTION('',(0.,-1.,0.));
#2816=DIRECTION('',(0.,1.,0.));
#2817=DIRECTION('',(0.,-0.0871557427493265,0.996194698091599));
#2818=DIRECTION('',(1.08418612772186E-12,0.,1.));
#2819=DIRECTION('',(1.,2.27114328291515E-11,-3.54435107760136E-12));
#2820=DIRECTION('',(-2.27114328291515E-11,1.,0.));
#2821=DIRECTION('',(1.,2.27114328291515E-11,-3.54435107760136E-12));
#2822=DIRECTION('',(-2.27114328291515E-11,1.,0.));
#2823=DIRECTION('',(4.49639812489559E-17,0.911383682043904,-0.411557753060364));
#2824=DIRECTION('',(-6.16297582203916E-33,-0.411557753060364,-0.911383682043904));
#2825=DIRECTION('',(-0.451721702092193,-0.367174912489702,-0.81309906376598));
#2826=DIRECTION('',(-1.,0.,-1.00731003093075E-16));
#2827=DIRECTION('',(-0.451721702092284,0.367174912489683,0.813099063765937));
#2828=DIRECTION('',(1.,-1.62566924898219E-12,-3.60088582051511E-12));
#2829=DIRECTION('',(-3.60088582051511E-12,0.,-1.));
#2830=DIRECTION('',(1.,-2.8830601014609E-13,3.90520046654755E-12));
#2831=DIRECTION('',(3.90520046654755E-12,0.,-1.));
#2832=DIRECTION('',(7.65122264822492E-18,-0.996194698091477,-0.0871557427507278));
#2833=DIRECTION('',(-1.92592994438723E-34,-0.0871557427507278,0.996194698091477));
#2834=DIRECTION('',(-1.,0.,-1.00731003093075E-16));
#2835=DIRECTION('',(0.604987123113364,-0.0693964750298742,0.79320533919058));
#2836=DIRECTION('',(0.604987123112337,0.0693964750299422,-0.793205339191358));
#2837=DIRECTION('',(1.00731003093075E-16,2.46519032881566E-32,-1.));
#2838=DIRECTION('',(-1.,0.,-1.00731003093075E-16));
#2839=DIRECTION('',(-2.48321094636949E-48,1.,2.46519032881566E-32));
#2840=DIRECTION('',(-2.48321094636949E-48,1.,2.46519032881566E-32));
#2841=DIRECTION('',(-1.,0.,-1.00731003093075E-16));
#2842=DIRECTION('',(-1.,0.,-1.00731003093075E-16));
#2843=DIRECTION('',(0.,0.,1.));
#2844=DIRECTION('',(1.,0.,0.));
#2845=DIRECTION('',(0.,1.,0.));
#2846=DIRECTION('',(1.,0.,0.));
#2847=DIRECTION('',(0.,1.,0.));
#2848=DIRECTION('',(1.,-4.04219867454635E-13,0.));
#2849=DIRECTION('',(0.,1.,0.));
#2850=DIRECTION('',(1.,0.,0.));
#2851=DIRECTION('',(0.,1.,0.));
#2852=DIRECTION('',(1.,-4.04219867454635E-13,0.));
#2853=DIRECTION('',(0.,1.22464679914735E-16,-1.));
#2854=DIRECTION('',(0.,1.,1.22464679914735E-16));
#2855=DIRECTION('',(1.,0.,0.));
#2856=DIRECTION('',(0.,1.,0.));
#2857=DIRECTION('',(1.,0.,0.));
#2858=DIRECTION('',(0.,1.,0.));
#2859=DIRECTION('',(1.,0.,0.));
#2860=DIRECTION('',(0.,1.,0.));
#2861=DIRECTION('',(1.,0.,0.));
#2862=DIRECTION('',(1.,0.,0.));
#2863=DIRECTION('',(0.,1.22464679914735E-16,-1.));
#2864=DIRECTION('',(0.,1.,1.22464679914735E-16));
#2865=DIRECTION('',(1.,-4.04219867454635E-13,0.));
#2866=DIRECTION('',(1.,0.,0.));
#2867=DIRECTION('',(0.,-1.,0.));
#2868=DIRECTION('',(0.,-0.41155775301282,-0.911383682065374));
#2869=DIRECTION('',(0.,0.,-1.));
#2870=DIRECTION('',(1.,2.22783790355607E-11,-3.54561562412557E-12));
#2871=DIRECTION('',(-2.22783790355607E-11,1.,0.));
#2872=DIRECTION('',(0.419638213191015,0.278981206329816,-0.863755322151252));
#2873=DIRECTION('',(0.305219238607874,-0.522536591220343,-0.796113514028907));
#2874=DIRECTION('',(4.1987542633473E-18,-0.996194698091586,-0.0871557427494796));
#2875=DIRECTION('',(1.92592994438723E-34,-0.0871557427494796,0.996194698091586));
#2876=DIRECTION('',(0.,0.0871557426261953,-0.996194698102372));
#2877=DIRECTION('',(0.,-0.08715574274664,0.996194698091835));
#2878=DIRECTION('',(0.,0.0871557426298264,-0.996194698102054));
#2879=DIRECTION('',(1.92592994438723E-34,-0.0871557427494796,0.996194698091586));
#2880=DIRECTION('',(-1.,-4.18277673573602E-18,-3.65945546444578E-19));
#2881=DIRECTION('',(1.92592994438723E-34,-0.0871557427494796,0.996194698091586));
#2882=DIRECTION('',(1.92592994438723E-34,-0.0871557427494796,0.996194698091586));
#2883=DIRECTION('',(-1.,-4.18277673573602E-18,-3.65945546444578E-19));
#2884=DIRECTION('',(1.92592994438723E-34,-0.0871557427494796,0.996194698091586));
#2885=DIRECTION('',(1.92592994438723E-34,-0.0871557427494796,0.996194698091586));
#2886=DIRECTION('',(-1.,-4.18277673573602E-18,-3.65945546444578E-19));
#2887=DIRECTION('',(1.92592994438723E-34,-0.0871557427494796,0.996194698091586));
#2888=DIRECTION('',(1.92592994438723E-34,-0.0871557427494796,0.996194698091586));
#2889=DIRECTION('',(-1.,-4.18277673573602E-18,-3.65945546444578E-19));
#2890=DIRECTION('',(1.92592994438723E-34,-0.0871557427494796,0.996194698091586));
#2891=DIRECTION('',(0.,-0.0871557427454183,0.996194698091941));
#2892=DIRECTION('',(1.,0.,0.));
#2893=DIRECTION('',(0.,0.0871557426240873,-0.996194698102557));
#2894=DIRECTION('',(0.,-1.,-1.22464679914735E-16));
#2895=DIRECTION('',(-1.,0.,0.));
#2896=DIRECTION('',(0.,-1.83697019872103E-16,-1.));
#2897=DIRECTION('',(1.,0.,0.));
#2898=DIRECTION('',(0.,-1.,1.83697019872103E-16));
#2899=DIRECTION('',(1.,1.99185219751244E-11,-3.21169023650445E-12));
#2900=DIRECTION('',(-1.99185219751244E-11,1.,0.));
#2901=DIRECTION('',(0.,-1.,-1.22464679914735E-16));
#2902=DIRECTION('',(-1.,0.,0.));
#2903=DIRECTION('',(0.,1.22464679914735E-16,-1.));
#2904=DIRECTION('',(-1.,0.,0.));
#2905=DIRECTION('',(0.,1.,-1.83697019872103E-16));
#2906=DIRECTION('',(0.,-1.83697019872103E-16,-1.));
#2907=DIRECTION('',(1.,1.99185219751244E-11,-3.21169023650445E-12));
#2908=DIRECTION('',(-1.99185219751244E-11,1.,0.));
#2909=DIRECTION('',(1.,2.20102414018986E-11,-3.5348952869294E-12));
#2910=DIRECTION('',(-2.20102414018986E-11,1.,0.));
#2911=DIRECTION('',(2.41998684125492E-17,0.911383682043619,-0.411557753060995));
#2912=DIRECTION('',(7.70371977754894E-33,-0.411557753060995,-0.911383682043619));
#2913=DIRECTION('',(0.,-0.41155775302914,-0.911383682058004));
#2914=DIRECTION('',(0.,0.411557753060861,0.91138368204368));
#2915=DIRECTION('',(0.,0.411557753062663,0.911383682042866));
#2916=DIRECTION('',(1.,0.,0.));
#2917=DIRECTION('',(0.,-0.411557753062897,-0.91138368204276));
#2918=DIRECTION('',(7.70371977754894E-33,-0.411557753060995,-0.911383682043619));
#2919=DIRECTION('',(-1.,2.20553651788002E-17,-9.95964346824051E-18));
#2920=DIRECTION('',(7.70371977754894E-33,-0.411557753060995,-0.911383682043619));
#2921=DIRECTION('',(7.70371977754894E-33,-0.411557753060995,-0.911383682043619));
#2922=DIRECTION('',(-1.,2.20553651788002E-17,-9.95964346824051E-18));
#2923=DIRECTION('',(7.70371977754894E-33,-0.411557753060995,-0.911383682043619));
#2924=DIRECTION('',(7.70371977754894E-33,-0.411557753060995,-0.911383682043619));
#2925=DIRECTION('',(-1.,2.20553651788002E-17,-9.95964346824051E-18));
#2926=DIRECTION('',(7.70371977754894E-33,-0.411557753060995,-0.911383682043619));
#2927=DIRECTION('',(7.70371977754894E-33,-0.411557753060995,-0.911383682043619));
#2928=DIRECTION('',(-1.,2.20553651788002E-17,-9.95964346824051E-18));
#2929=DIRECTION('',(7.70371977754894E-33,-0.411557753060995,-0.911383682043619));
#2930=DIRECTION('',(0.,0.411557753060006,0.911383682044066));
#2931=DIRECTION('',(0.,-1.,-1.22464679914735E-16));
#2932=DIRECTION('',(-1.,0.,0.));
#2933=DIRECTION('',(0.,1.22464679914735E-16,-1.));
#2934=DIRECTION('',(1.,0.,0.));
#2935=DIRECTION('',(0.,-1.83697019872103E-16,-1.));
#2936=DIRECTION('',(0.,1.,1.22464679914735E-16));
#2937=DIRECTION('',(1.,0.,0.));
#2938=DIRECTION('',(0.,1.22464679914735E-16,-1.));
#2939=DIRECTION('',(1.,0.,0.));
#2940=DIRECTION('',(0.,-1.83697019872103E-16,-1.));
#2941=DIRECTION('',(1.,0.,0.));
#2942=DIRECTION('',(0.,-1.,1.83697019872103E-16));
#2943=DIRECTION('',(1.,1.9952068820446E-11,-3.21754682586455E-12));
#2944=DIRECTION('',(-1.9952068820446E-11,1.,0.));
#2945=DIRECTION('',(0.,-1.83697019872103E-16,-1.));
#2946=DIRECTION('',(0.,-1.,1.83697019872103E-16));
#2947=DIRECTION('',(0.,1.22464679914735E-16,-1.));
#2948=DIRECTION('',(0.,1.,1.22464679914735E-16));
#2949=DIRECTION('',(1.,0.,0.));
#2950=DIRECTION('',(0.,1.22464679914735E-16,-1.));
#2951=DIRECTION('',(1.,0.,0.));
#2952=DIRECTION('',(0.,-1.83697019872103E-16,-1.));
#2953=DIRECTION('',(0.,1.22464679914735E-16,-1.));
#2954=DIRECTION('',(0.,-1.,-1.22464679914735E-16));
#2955=DIRECTION('',(0.,1.22464679914735E-16,-1.));
#2956=DIRECTION('',(0.,1.,1.22464679914735E-16));
#2957=DIRECTION('',(0.,1.22464679914735E-16,-1.));
#2958=DIRECTION('',(0.,1.22464679914735E-16,-1.));
#2959=DIRECTION('',(0.,1.,1.22464679914735E-16));
#2960=DIRECTION('',(0.,1.22464679914735E-16,-1.));
#2961=DIRECTION('',(9.30028412680554E-12,0.,1.));
#2962=DIRECTION('',(0.,0.,-1.));
#2963=DIRECTION('',(0.,1.22464679914735E-16,-1.));
#2964=DIRECTION('',(0.,1.22464679914735E-16,-1.));
#2965=DIRECTION('',(0.,1.,1.22464679914735E-16));
#2966=DIRECTION('',(0.,1.22464679914735E-16,-1.));
#2967=DIRECTION('',(0.,1.22464679914735E-16,-1.));
#2968=DIRECTION('',(0.,1.22464679914735E-16,-1.));
#2969=DIRECTION('',(0.,1.,1.22464679914735E-16));
#2970=DIRECTION('',(0.,1.22464679914735E-16,-1.));
#2971=DIRECTION('',(0.,1.22464679914735E-16,-1.));
#2972=DIRECTION('',(0.,1.22464679914735E-16,-1.));
#2973=DIRECTION('',(0.,1.,1.22464679914735E-16));
#2974=DIRECTION('',(-1.,0.,0.));
#2975=DIRECTION('',(0.,1.,-1.83697019872103E-16));
#2976=DIRECTION('',(1.,2.18246602007784E-11,-3.54743769442868E-12));
#2977=DIRECTION('',(-2.18246602007784E-11,1.,0.));
#2978=DIRECTION('',(0.,-1.83697019872103E-16,-1.));
#2979=DIRECTION('',(0.,-1.,1.83697019872103E-16));
#2980=DIRECTION('',(0.,1.22464679914735E-16,-1.));
#2981=DIRECTION('',(1.,2.18246602007784E-11,-3.54743769442868E-12));
#2982=DIRECTION('',(-2.18246602007784E-11,1.,0.));
#2983=DIRECTION('',(1.,2.18246602007784E-11,-3.54743769442868E-12));
#2984=DIRECTION('',(-2.18246602007784E-11,1.,0.));
#2985=DIRECTION('',(1.,2.18246602007784E-11,-3.54743769442868E-12));
#2986=DIRECTION('',(-2.18246602007784E-11,1.,0.));
#2987=DIRECTION('',(1.,2.18246602007784E-11,-3.54743769442868E-12));
#2988=DIRECTION('',(-2.18246602007784E-11,1.,0.));
#2989=DIRECTION('',(1.,2.18246602007784E-11,-3.54743769442868E-12));
#2990=DIRECTION('',(-2.18246602007784E-11,1.,0.));
#2991=DIRECTION('',(1.,2.18246602007784E-11,-3.54743769442868E-12));
#2992=DIRECTION('',(-2.18246602007784E-11,1.,0.));
#2993=DIRECTION('',(1.,0.,0.));
#2994=DIRECTION('',(0.,-1.,1.83697019872103E-16));
#2995=DIRECTION('',(0.,-1.83697019872103E-16,-1.));
#2996=DIRECTION('',(0.,-1.,1.83697019872103E-16));
#2997=DIRECTION('',(0.,1.22464679914735E-16,-1.));
#2998=DIRECTION('',(1.,0.,0.));
#2999=DIRECTION('',(0.,-1.,1.83697019872103E-16));
#3000=DIRECTION('',(0.,-1.83697019872103E-16,-1.));
#3001=DIRECTION('',(0.,-1.,1.83697019872103E-16));
#3002=DIRECTION('',(0.,1.22464679914735E-16,-1.));
#3003=DIRECTION('',(0.,1.83697019872103E-16,1.));
#3004=DIRECTION('',(0.,-1.,1.83697019872103E-16));
#3005=DIRECTION('',(0.,1.22464679914735E-16,-1.));
#3006=DIRECTION('',(0.,1.,1.22464679914735E-16));
#3007=DIRECTION('',(0.,-1.,1.83697019872103E-16));
#3008=DIRECTION('',(1.,0.,0.));
#3009=DIRECTION('',(0.,-1.,1.83697019872103E-16));
#3010=DIRECTION('',(1.,0.,0.));
#3011=DIRECTION('',(0.,-1.,1.83697019872103E-16));
#3012=DIRECTION('',(1.,0.,0.));
#3013=DIRECTION('',(1.,0.,0.));
#3014=DIRECTION('',(1.,0.,0.));
#3015=DIRECTION('',(1.,0.,0.));
#3016=DIRECTION('',(-1.,0.,0.));
#3017=DIRECTION('',(0.,1.,-1.83697019872103E-16));
#3018=DIRECTION('',(0.,-1.83697019872103E-16,-1.));
#3019=DIRECTION('',(0.,1.22464679914735E-16,-1.));
#3020=DIRECTION('',(0.,1.,1.22464679914735E-16));
#3021=DIRECTION('',(1.,0.,0.));
#3022=DIRECTION('',(0.,1.22464679914735E-16,-1.));
#3023=DIRECTION('',(0.,-1.,-1.22464679914735E-16));
#3024=DIRECTION('',(0.,1.22464679914735E-16,-1.));
#3025=DIRECTION('',(0.,1.22464679914735E-16,-1.));
#3026=DIRECTION('',(0.,1.,1.22464679914735E-16));
#3027=DIRECTION('',(0.,1.22464679914735E-16,-1.));
#3028=DIRECTION('',(0.,1.22464679914735E-16,-1.));
#3029=DIRECTION('',(0.,1.22464679914735E-16,-1.));
#3030=DIRECTION('',(0.,1.,1.22464679914735E-16));
#3031=DIRECTION('',(0.,1.22464679914735E-16,-1.));
#3032=DIRECTION('',(0.,1.22464679914735E-16,-1.));
#3033=DIRECTION('',(0.,1.22464679914735E-16,-1.));
#3034=DIRECTION('',(0.,1.,1.22464679914735E-16));
#3035=DIRECTION('',(0.,1.22464679914735E-16,-1.));
#3036=DIRECTION('',(0.,1.22464679914735E-16,-1.));
#3037=DIRECTION('',(0.,1.22464679914735E-16,-1.));
#3038=DIRECTION('',(0.,1.,1.22464679914735E-16));
#3039=DIRECTION('',(0.,1.22464679914735E-16,-1.));
#3040=DIRECTION('',(0.,1.22464679914735E-16,-1.));
#3041=DIRECTION('',(0.,1.22464679914735E-16,-1.));
#3042=DIRECTION('',(0.,1.,1.22464679914735E-16));
#3043=DIRECTION('',(0.,-1.,-1.22464679914735E-16));
#3044=DIRECTION('',(-1.,0.,0.));
#3045=DIRECTION('',(0.,1.22464679914735E-16,-1.));
#3046=DIRECTION('',(0.,-1.83697019872103E-16,-1.));
#3047=DIRECTION('',(0.,0.,1.));
#3048=DIRECTION('',(1.,0.,0.));
#3049=DIRECTION('',(0.,1.,0.));
#3050=DIRECTION('',(2.02109933727317E-13,1.,0.));
#3051=DIRECTION('',(1.,-2.18477582272856E-13,6.31088724176809E-30));
#3052=DIRECTION('',(2.16295440303295E-13,0.99001205548478,0.14098272942031));
#3053=DIRECTION('',(1.,2.25421036871512E-11,-3.54741755628933E-12));
#3054=DIRECTION('',(-2.25421036871512E-11,1.,0.));
#3055=DIRECTION('',(1.,-2.02109933727317E-13,0.));
#3056=DIRECTION('',(0.,0.,-1.));
#3057=DIRECTION('',(1.,2.16835511979794E-11,-3.41678661673753E-12));
#3058=DIRECTION('',(-2.16835511979794E-11,1.,0.));
#3059=DIRECTION('',(1.,2.25421036871512E-11,-3.54741755628933E-12));
#3060=DIRECTION('',(-2.25421036871512E-11,1.,0.));
#3061=DIRECTION('',(1.,2.25421036871512E-11,-3.54741755628933E-12));
#3062=DIRECTION('',(-2.25421036871512E-11,1.,0.));
#3063=DIRECTION('',(-4.04219867454635E-13,-1.,0.));
#3064=DIRECTION('',(0.,0.,-1.));
#3065=DIRECTION('',(1.,-4.04219867454635E-13,0.));
#3066=DIRECTION('',(-3.91718185822321E-13,-1.,0.));
#3067=DIRECTION('',(0.736234363157855,-2.88396389076247E-13,0.676726652722905));
#3068=DIRECTION('',(1.,-3.91718185822321E-13,0.));
#3069=DIRECTION('',(0.,0.,1.));
#3070=DIRECTION('',(1.,0.,0.));
#3071=DIRECTION('',(1.,1.85910098098434E-11,-2.91673900331279E-12));
#3072=DIRECTION('',(-1.85910098098434E-11,1.,0.));
#3073=DIRECTION('',(1.,1.85910098098434E-11,-2.91673900331279E-12));
#3074=DIRECTION('',(-1.85910098098434E-11,1.,0.));
#3075=DIRECTION('',(1.,0.,0.));
#3076=DIRECTION('',(0.,-1.,0.));
#3077=DIRECTION('',(1.,2.32660156804598E-11,-3.60403726846041E-12));
#3078=DIRECTION('',(-2.32660156804598E-11,1.,0.));
#3079=DIRECTION('',(0.,-1.,0.));
#3080=DIRECTION('',(0.,0.,1.));
#3081=DIRECTION('',(1.,0.,0.));
#3082=DIRECTION('',(0.,-1.,0.));
#3083=DIRECTION('',(1.,0.,0.));
#3084=DIRECTION('',(0.,-1.,0.));
#3085=DIRECTION('',(1.,2.20763413837852E-11,-3.54607829877317E-12));
#3086=DIRECTION('',(-2.20763413837852E-11,1.,0.));
#3087=DIRECTION('',(1.,2.20763413837852E-11,-3.54607829877317E-12));
#3088=DIRECTION('',(-2.20763413837852E-11,1.,0.));
#3089=DIRECTION('',(1.,2.32660156804598E-11,-3.60403726846041E-12));
#3090=DIRECTION('',(-2.32660156804598E-11,1.,0.));
#3091=DIRECTION('',(0.,0.,1.));
#3092=DIRECTION('',(1.,0.,0.));
#3093=DIRECTION('',(0.,-1.,0.));
#3094=DIRECTION('',(0.,-1.,0.));
#3095=DIRECTION('',(1.,0.,0.));
#3096=DIRECTION('',(0.,-1.,0.));
#3097=DIRECTION('',(1.,0.,0.));
#3098=DIRECTION('',(0.,-1.,0.));
#3099=DIRECTION('',(1.,2.25373465838271E-11,-3.54693138307436E-12));
#3100=DIRECTION('',(-2.25373465838271E-11,1.,0.));
#3101=DIRECTION('',(1.,-2.02109933727317E-13,0.));
#3102=DIRECTION('',(0.,0.,-1.));
#3103=DIRECTION('',(1.,2.20772363709023E-11,-3.54700640122006E-12));
#3104=DIRECTION('',(-2.20772363709023E-11,1.,0.));
#3105=DIRECTION('',(2.02109933727317E-13,1.,0.));
#3106=DIRECTION('',(1.,-2.18477582272856E-13,6.31088724176809E-30));
#3107=DIRECTION('',(2.16295440303295E-13,0.99001205548478,0.14098272942031));
#3108=DIRECTION('',(0.,1.,0.));
#3109=DIRECTION('',(1.,2.20761685943669E-11,-3.54700384330253E-12));
#3110=DIRECTION('',(-2.20761685943669E-11,1.,0.));
#3111=DIRECTION('',(0.,0.,1.));
#3112=DIRECTION('',(1.,0.,0.));
#3113=DIRECTION('',(1.,2.20772363709023E-11,-3.54700640122006E-12));
#3114=DIRECTION('',(-2.20772363709023E-11,1.,0.));
#3115=DIRECTION('',(1.,2.20761685943669E-11,-3.54700384330253E-12));
#3116=DIRECTION('',(-2.20761685943669E-11,1.,0.));
#3117=DIRECTION('',(1.,0.,0.));
#3118=DIRECTION('',(0.,-1.,0.));
#3119=DIRECTION('',(5.16089685778097E-13,0.,1.));
#3120=DIRECTION('',(0.,-1.,0.));
#3121=DIRECTION('',(1.,0.,0.));
#3122=DIRECTION('',(0.,-1.,0.));
#3123=DIRECTION('',(0.,0.,-1.));
#3124=DIRECTION('',(0.,-1.,0.));
#3125=DIRECTION('',(1.,0.,0.));
#3126=DIRECTION('',(0.,-1.,0.));
#3127=DIRECTION('',(0.,-1.,0.));
#3128=DIRECTION('',(0.,0.,-1.));
#3129=DIRECTION('',(-4.04219867454635E-13,-1.,0.));
#3130=DIRECTION('',(0.,0.,-1.));
#3131=DIRECTION('',(0.,0.,-1.));
#3132=DIRECTION('',(1.,-4.04219867454635E-13,0.));
#3133=DIRECTION('',(1.,0.,0.));
#3134=DIRECTION('',(0.,-1.,0.));
#3135=DIRECTION('',(0.,-1.,0.));
#3136=DIRECTION('',(0.,0.,1.));
#3137=DIRECTION('',(1.,0.,0.));
#3138=DIRECTION('',(1.,-4.04219867454635E-13,0.));
#3139=DIRECTION('',(0.,-1.,0.));
#3140=DIRECTION('',(1.,-4.04219867454635E-13,0.));
#3141=DIRECTION('',(1.,0.,0.));
#3142=DIRECTION('',(0.,-1.,0.));
#3143=DIRECTION('',(0.,-1.,0.));
#3144=DIRECTION('',(1.,0.,0.));
#3145=DIRECTION('',(0.,-1.,0.));
#3146=DIRECTION('',(1.,0.,0.));
#3147=DIRECTION('',(1.,0.,0.));
#3148=DIRECTION('',(0.,-1.,0.));
#3149=DIRECTION('',(1.,2.20811105875838E-11,-3.5470597425078E-12));
#3150=DIRECTION('',(-2.20811105875838E-11,1.,0.));
#3151=DIRECTION('',(-1.37623916206839E-12,5.97326025203294E-16,1.));
#3152=DIRECTION('',(1.,0.,0.));
#3153=DIRECTION('',(0.,-1.,0.));
#3154=DIRECTION('',(1.,2.25373465838271E-11,-3.54693138307436E-12));
#3155=DIRECTION('',(-2.25373465838271E-11,1.,0.));
#3156=DIRECTION('',(-2.68557780931364E-11,0.,-1.));
#3157=DIRECTION('',(-3.91718185822321E-13,-1.,0.));
#3158=DIRECTION('',(0.736234363157855,-2.88396389076247E-13,0.676726652722905));
#3159=DIRECTION('',(-2.82129028225293E-11,0.,-1.));
#3160=DIRECTION('',(-3.91718185822321E-13,-1.,0.));
#3161=DIRECTION('',(0.736234363157855,-2.88396389076247E-13,0.676726652722905));
#3162=DIRECTION('',(1.,0.,0.));
#3163=DIRECTION('',(0.,-1.,0.));
#3164=DIRECTION('',(1.,2.20811105875838E-11,-3.5470597425078E-12));
#3165=DIRECTION('',(-2.20811105875838E-11,1.,0.));
#3166=DIRECTION('',(-3.91718185822321E-13,-1.,0.));
#3167=DIRECTION('',(0.736234363157855,-2.88396389076247E-13,0.676726652722905));
#3168=DIRECTION('',(-4.04219867454635E-13,-1.,0.));
#3169=DIRECTION('',(0.,0.,-1.));
#3170=DIRECTION('',(0.,0.,-1.));
#3171=DIRECTION('',(1.,0.,0.));
#3172=DIRECTION('',(0.,-1.,0.));
#3173=DIRECTION('',(-4.04219867454635E-13,-1.,0.));
#3174=DIRECTION('',(0.,0.,-1.));
#3175=DIRECTION('',(1.,2.20811105875838E-11,-3.5470597425078E-12));
#3176=DIRECTION('',(-2.20811105875838E-11,1.,0.));
#3177=DIRECTION('',(1.,2.25373465838271E-11,-3.54693138307436E-12));
#3178=DIRECTION('',(-2.25373465838271E-11,1.,0.));
#3179=DIRECTION('',(1.,2.20719954786623E-11,-3.54703823457633E-12));
#3180=DIRECTION('',(-2.20719954786623E-11,1.,0.));
#3181=DIRECTION('',(1.,2.16835511979794E-11,-3.41678661673753E-12));
#3182=DIRECTION('',(-2.16835511979794E-11,1.,0.));
#3183=DIRECTION('',(1.,2.16835511979794E-11,-3.41678661673753E-12));
#3184=DIRECTION('',(-2.16835511979794E-11,1.,0.));
#3185=DIRECTION('',(-1.,0.,0.));
#3186=DIRECTION('',(0.,1.,-1.83697019872103E-16));
#3187=DIRECTION('',(0.,1.,-1.83697019872103E-16));
#3188=DIRECTION('',(1.,1.9952068820446E-11,-3.21754682586455E-12));
#3189=DIRECTION('',(-1.9952068820446E-11,1.,0.));
#3190=DIRECTION('',(0.,-1.83697019872103E-16,-1.));
#3191=DIRECTION('',(1.,1.9952068820446E-11,-3.21754682586455E-12));
#3192=DIRECTION('',(-1.9952068820446E-11,1.,0.));
#3193=DIRECTION('',(1.,1.9952068820446E-11,-3.21754682586455E-12));
#3194=DIRECTION('',(-1.9952068820446E-11,1.,0.));
#3195=DIRECTION('',(1.,1.9952068820446E-11,-3.21754682586455E-12));
#3196=DIRECTION('',(-1.9952068820446E-11,1.,0.));
#3197=DIRECTION('',(1.,1.9952068820446E-11,-3.21754682586455E-12));
#3198=DIRECTION('',(-1.9952068820446E-11,1.,0.));
#3199=DIRECTION('',(1.,1.9952068820446E-11,-3.21754682586455E-12));
#3200=DIRECTION('',(-1.9952068820446E-11,1.,0.));
#3201=DIRECTION('',(1.,1.99185219751244E-11,-3.21169023650445E-12));
#3202=DIRECTION('',(-1.99185219751244E-11,1.,0.));
#3203=DIRECTION('',(1.,1.99185219751244E-11,-3.21169023650445E-12));
#3204=DIRECTION('',(-1.99185219751244E-11,1.,0.));
#3205=DIRECTION('',(1.,1.99185219751244E-11,-3.21169023650445E-12));
#3206=DIRECTION('',(-1.99185219751244E-11,1.,0.));
#3207=DIRECTION('',(1.,2.26037361389854E-11,-3.55871415759261E-12));
#3208=DIRECTION('',(-2.26037361389854E-11,1.,0.));
#3209=DIRECTION('',(1.,2.25461628052928E-11,-3.54834746855326E-12));
#3210=DIRECTION('',(-2.25461628052928E-11,1.,0.));
#3211=DIRECTION('',(1.,2.25461628052928E-11,-3.54834746855326E-12));
#3212=DIRECTION('',(-2.25461628052928E-11,1.,0.));
#3213=DIRECTION('',(1.,2.25461628052928E-11,-3.54834746855326E-12));
#3214=DIRECTION('',(-2.25461628052928E-11,1.,0.));
#3215=DIRECTION('',(1.,2.3257260927732E-11,-3.60428716162724E-12));
#3216=DIRECTION('',(-2.3257260927732E-11,1.,0.));
#3217=DIRECTION('',(1.,2.3257260927732E-11,-3.60428716162724E-12));
#3218=DIRECTION('',(-2.3257260927732E-11,1.,0.));
#3219=DIRECTION('',(1.,0.,0.));
#3220=DIRECTION('',(0.,-1.,1.83697019872103E-16));
#3221=DIRECTION('',(0.,-1.83697019872103E-16,-1.));
#3222=DIRECTION('',(0.,-1.,-1.22464679914735E-16));
#3223=DIRECTION('',(-1.,0.,0.));
#3224=DIRECTION('',(-1.,0.,0.));
#3225=DIRECTION('',(0.,1.,-1.83697019872103E-16));
#3226=DIRECTION('',(0.,1.22464679914735E-16,-1.));
#3227=DIRECTION('',(0.,-1.,-1.22464679914735E-16));
#3228=DIRECTION('',(-1.,0.,0.));
#3229=DIRECTION('',(0.,1.,1.22464679914735E-16));
#3230=DIRECTION('',(1.,0.,0.));
#3231=DIRECTION('',(0.,1.,1.22464679914735E-16));
#3232=DIRECTION('',(1.,0.,0.));
#3233=DIRECTION('',(0.,1.83697019872103E-16,1.));
#3234=DIRECTION('',(0.,-1.,1.83697019872103E-16));
#3235=DIRECTION('',(0.,-1.,1.83697019872103E-16));
#3236=DIRECTION('',(1.,0.,0.));
#3237=DIRECTION('',(0.,-1.,1.83697019872103E-16));
#3238=DIRECTION('',(0.,-1.,1.83697019872103E-16));
#3239=DIRECTION('',(1.,0.,0.));
#3240=DIRECTION('',(1.,0.,0.));
#3241=DIRECTION('',(0.,-1.,1.83697019872103E-16));
#3242=DIRECTION('',(1.,0.,0.));
#3243=DIRECTION('',(0.,-1.,1.83697019872103E-16));
#3244=DIRECTION('',(0.,-1.83697019872103E-16,-1.));
#3245=DIRECTION('',(0.,-1.,-1.22464679914735E-16));
#3246=DIRECTION('',(-1.,0.,0.));
#3247=DIRECTION('',(-1.,0.,0.));
#3248=DIRECTION('',(0.,1.,-1.83697019872103E-16));
#3249=DIRECTION('',(0.,1.22464679914735E-16,-1.));
#3250=DIRECTION('',(0.,-1.,-1.22464679914735E-16));
#3251=DIRECTION('',(-1.,0.,0.));
#3252=DIRECTION('',(0.,1.,1.22464679914735E-16));
#3253=DIRECTION('',(1.,0.,0.));
#3254=DIRECTION('',(0.,1.22464679914735E-16,-1.));
#3255=DIRECTION('',(1.,0.,0.));
#3256=DIRECTION('',(0.,-1.,1.83697019872103E-16));
#3257=DIRECTION('',(-1.,0.,0.));
#3258=DIRECTION('',(0.,1.,-1.83697019872103E-16));
#3259=DIRECTION('',(-0.0137217673758818,0.0278238170793361,0.999518658306696));
#3260=DIRECTION('',(0.,-0.999612769731657,0.0278264368794283));
#3261=DIRECTION('',(0.0136501131666025,0.0278058600085453,0.999520139146643));
#3262=DIRECTION('',(0.,-0.999613270250928,0.0278084508422331));
#3263=DIRECTION('',(-0.305219238612306,-0.522536591189635,-0.796113514047363));
#3264=DIRECTION('',(-0.419638213190787,0.278981206328831,-0.863755322151681));
#3265=DIRECTION('',(0.,1.,1.22464679914735E-16));
#3266=DIRECTION('',(1.,0.,0.));
#3267=DIRECTION('',(1.,0.,0.));
#3268=DIRECTION('',(0.,-1.,1.83697019872103E-16));
#3269=DIRECTION('',(0.,1.22464679914735E-16,-1.));
#3270=DIRECTION('',(0.,1.,1.22464679914735E-16));
#3271=DIRECTION('',(1.,0.,0.));
#3272=DIRECTION('',(-1.,0.,0.));
#3273=DIRECTION('',(0.,1.,-1.83697019872103E-16));
#3274=DIRECTION('',(0.,1.22464679914735E-16,-1.));
#3275=DIRECTION('',(0.,-1.,-1.22464679914735E-16));
#3276=DIRECTION('',(0.,1.22464679914735E-16,-1.));
#3277=DIRECTION('',(0.,1.22464679914735E-16,-1.));
#3278=DIRECTION('',(0.,1.,1.22464679914735E-16));
#3279=DIRECTION('',(0.,1.22464679914735E-16,-1.));
#3280=DIRECTION('',(1.12010576248533E-11,-5.97326025216154E-16,1.));
#3281=DIRECTION('',(0.,1.22464679914735E-16,-1.));
#3282=DIRECTION('',(0.,1.,1.22464679914735E-16));
#3283=DIRECTION('',(0.,0.,-1.));
#3284=DIRECTION('',(0.,0.,-1.));
#3285=DIRECTION('',(0.,1.22464679914735E-16,-1.));
#3286=DIRECTION('',(0.,1.,1.22464679914735E-16));
#3287=DIRECTION('',(0.,1.22464679914735E-16,-1.));
#3288=DIRECTION('',(0.,0.,-1.));
#3289=DIRECTION('',(3.94711512125175E-12,0.,-1.));
#3290=DIRECTION('',(0.,1.22464679914735E-16,-1.));
#3291=DIRECTION('',(0.,1.22464679914735E-16,-1.));
#3292=DIRECTION('',(0.,1.,1.22464679914735E-16));
#3293=DIRECTION('',(0.,0.,1.));
#3294=DIRECTION('',(1.,0.,0.));
#3295=DIRECTION('',(0.,1.,0.));
#3296=DIRECTION('',(0.,1.,0.));
#3297=DIRECTION('',(1.,0.,0.));
#3298=DIRECTION('',(0.,-1.,0.));
#3299=DIRECTION('',(1.,0.,0.));
#3300=DIRECTION('',(0.,-1.,0.));
#3301=DIRECTION('',(0.,0.,1.));
#3302=DIRECTION('',(1.,0.,0.));
#3303=DIRECTION('',(0.,1.,0.));
#3304=DIRECTION('',(0.,1.,0.));
#3305=DIRECTION('',(1.,0.,0.));
#3306=DIRECTION('',(0.,-1.,0.));
#3307=DIRECTION('',(1.,0.,0.));
#3308=DIRECTION('',(0.,-1.,0.));
#3309=DIRECTION('',(-4.19396769651813E-13,-1.,-3.15544362088404E-30));
#3310=DIRECTION('',(0.99823780500471,-4.18657710763291E-13,0.059340413373838));
#3311=DIRECTION('',(-4.04219867454635E-13,-1.,0.));
#3312=DIRECTION('',(0.,0.,-1.));
#3313=DIRECTION('',(1.,0.,0.));
#3314=DIRECTION('',(0.,-1.,0.));
#3315=DIRECTION('',(-6.09854696843446E-13,0.,-1.));
#3316=DIRECTION('',(1.,0.,0.));
#3317=DIRECTION('',(0.,-1.,0.));
#3318=DIRECTION('',(0.,0.,-1.));
#3319=DIRECTION('',(-4.19396769651813E-13,-1.,-3.15544362088404E-30));
#3320=DIRECTION('',(0.99823780500471,-4.18657710763291E-13,0.059340413373838));
#3321=DIRECTION('',(1.69404082455881E-12,0.,1.));
#3322=DIRECTION('',(-4.04219867454635E-13,-1.,0.));
#3323=DIRECTION('',(0.,0.,-1.));
#3324=DIRECTION('',(0.,0.,-1.));
#3325=DIRECTION('',(1.,0.,0.));
#3326=DIRECTION('',(0.,-1.,0.));
#3327=DIRECTION('',(1.,0.,0.));
#3328=DIRECTION('',(0.,-1.,0.));
#3329=DIRECTION('',(1.,0.,0.));
#3330=DIRECTION('',(0.,-1.,0.));
#3331=DIRECTION('',(-3.32540213860775E-11,0.,-1.));
#3332=DIRECTION('',(1.,0.,0.));
#3333=DIRECTION('',(0.,-1.,0.));
#3334=DIRECTION('',(0.,0.,-1.));
#3335=DIRECTION('',(-4.19396769651813E-13,-1.,-3.15544362088404E-30));
#3336=DIRECTION('',(0.99823780500471,-4.18657710763291E-13,0.059340413373838));
#3337=DIRECTION('',(-4.04219867454635E-13,-1.,0.));
#3338=DIRECTION('',(0.,0.,-1.));
#3339=DIRECTION('',(-4.19396769651813E-13,-1.,-3.15544362088404E-30));
#3340=DIRECTION('',(0.99823780500471,-4.18657710763291E-13,0.059340413373838));
#3341=DIRECTION('',(1.,0.,0.));
#3342=DIRECTION('',(-4.04219867454635E-13,-1.,0.));
#3343=DIRECTION('',(0.,0.,-1.));
#3344=DIRECTION('',(1.,-4.04219867454635E-13,0.));
#3345=DIRECTION('',(0.,0.,1.));
#3346=DIRECTION('',(1.,0.,0.));
#3347=CARTESIAN_POINT('',(0.,0.,0.));
#3348=CARTESIAN_POINT('',(0.404712500000009,0.00907500000001892,0.000200000000005095));
#3349=CARTESIAN_POINT('',(0.463362500000017,0.0087500000000291,0.000200000000005099));
#3350=CARTESIAN_POINT('',(0.463362500000017,0.0117500000000291,0.000200000000005099));
#3351=CARTESIAN_POINT('',(0.462862500000017,0.00907500000001892,0.000200000000005095));
#3352=CARTESIAN_POINT('',(0.462862500000016,0.0107500000000291,0.000200000000005095));
#3353=CARTESIAN_POINT('',(0.462862500000017,0.0092500000000291,0.000200000000005095));
#3354=CARTESIAN_POINT('',(0.404712500000009,0.0092500000000291,0.000200000000005095));
#3355=CARTESIAN_POINT('',(0.46136250000001,0.0092500000000291,0.000200000000005096));
#3356=CARTESIAN_POINT('',(0.461362500000017,0.0092500000000291,0.000200000000005099));
#3357=CARTESIAN_POINT('',(0.461362500000017,0.00824999972271325,0.000200000000005098));
#3358=CARTESIAN_POINT('',(0.404712500000009,0.0082500000000291,0.000200000000005095));
#3359=CARTESIAN_POINT('',(0.462862500000018,0.0082500000000291,0.000200000000005095));
#3360=CARTESIAN_POINT('',(0.462862500000017,0.00907500000001892,0.000200000000005095));
#3361=CARTESIAN_POINT('',(0.462862500000017,0.00675000000003092,0.000200000000005095));
#3362=CARTESIAN_POINT('',(0.404712500000009,0.0067500000000291,0.000200000000005095));
#3363=CARTESIAN_POINT('',(0.463862500000018,0.0067500000000291,0.000200000000005095));
#3364=CARTESIAN_POINT('',(0.463862500000017,0.00907500000001892,0.000200000000005095));
#3365=CARTESIAN_POINT('',(0.463862500000017,0.0082500000000291,0.000200000000005095));
#3366=CARTESIAN_POINT('',(0.404712500000009,0.0082500000000291,0.000200000000005095));
#3367=CARTESIAN_POINT('',(0.465362500000025,0.0082500000000291,0.000200000000005095));
#3368=CARTESIAN_POINT('',(0.465362500000017,0.00907500000001892,0.000200000000005095));
#3369=CARTESIAN_POINT('',(0.465362500000017,0.00924999963493246,0.000200000000005095));
#3370=CARTESIAN_POINT('',(0.404712500000009,0.0092500000000291,0.000200000000005095));
#3371=CARTESIAN_POINT('',(0.463862500000017,0.0092500000000291,0.000200000000005095));
#3372=CARTESIAN_POINT('',(0.463862500000017,0.00907500000001892,0.000200000000005095));
#3373=CARTESIAN_POINT('',(0.463862500000017,0.0107500000000309,0.000200000000005095));
#3374=CARTESIAN_POINT('',(0.404712500000009,0.0107500000000291,0.000200000000005095));
#3375=CARTESIAN_POINT('',(0.465362500000017,0.0082500000000291,0.0133879740340523));
#3376=CARTESIAN_POINT('',(0.465362500000032,0.0082500000000291,0.0133879740340523));
#3377=CARTESIAN_POINT('',(0.465362499958303,0.0082500000000291,0.00707383012226333));
#3378=CARTESIAN_POINT('',(0.465362499999994,0.00394808644403882,-0.0330562125253741));
#3379=CARTESIAN_POINT('',(0.465362499958288,0.00924999963493246,0.00695399241862288));
#3380=CARTESIAN_POINT('',(0.465362500000017,0.00924999926983583,0.0133879740340523));
#3381=CARTESIAN_POINT('',(0.462862500000017,0.0067500000000291,0.0133879740340523));
#3382=CARTESIAN_POINT('',(0.462862500000017,0.00675000000003274,0.0133879740340523));
#3383=CARTESIAN_POINT('',(0.462862500043336,0.00675000000003092,0.00720637380541555));
#3384=CARTESIAN_POINT('',(0.462862500043336,0.0067500000000291,0.00720637125310534));
#3385=CARTESIAN_POINT('',(0.463195833362214,0.0067500000000291,0.00720637125310458));
#3386=CARTESIAN_POINT('',(0.463529166681091,0.0067500000000291,0.00720637125310383));
#3387=CARTESIAN_POINT('',(0.463862499999969,0.0067500000000291,0.00720637125310307));
#3388=CARTESIAN_POINT('',(0.463862499999969,0.0067500000000291,0.00720637371895951));
#3389=CARTESIAN_POINT('',(0.463862500000019,0.0067500000000291,0.0133879740340523));
#3390=CARTESIAN_POINT('',(0.463862500000017,0.0107500000000291,0.0133879740340523));
#3391=CARTESIAN_POINT('',(0.462862500000016,0.0107500000000291,0.0133879740340523));
#3392=CARTESIAN_POINT('',(0.462862499999937,0.0107500000000291,0.00672645382317182));
#3393=CARTESIAN_POINT('',(0.463862500000017,0.0107500000000327,0.0133879740340523));
#3394=CARTESIAN_POINT('',(0.463862499956635,0.0107500000000291,0.00672645389969901));
#3395=CARTESIAN_POINT('',(0.463862499956635,0.0107500000000291,0.00672645129514032));
#3396=CARTESIAN_POINT('',(0.463529166637762,0.0107500000000291,0.00672645129514017));
#3397=CARTESIAN_POINT('',(0.463195833318889,0.0107500000000291,0.00672645129514002));
#3398=CARTESIAN_POINT('',(0.462862500000016,0.0107500000000291,0.00672645129513987));
#3399=CARTESIAN_POINT('',(0.461362500000017,0.0092500000000291,0.0133879740340523));
#3400=CARTESIAN_POINT('',(0.4613625,0.0092500000000291,0.0133879740340523));
#3401=CARTESIAN_POINT('',(0.461362500041602,0.0092500000000291,0.00695399237024475));
#3402=CARTESIAN_POINT('',(0.461362499999974,0.00394808644395914,-0.0330562125253613));
#3403=CARTESIAN_POINT('',(0.461362500041618,0.00824999972271325,0.00707383015199571));
#3404=CARTESIAN_POINT('',(0.461362500000017,0.00824999944539741,0.0133879740340523));
#3405=CARTESIAN_POINT('',(0.453837500000006,0.00393178455682728,-0.0331172475219451));
#3406=CARTESIAN_POINT('',(0.444637499999993,0.00393178455662779,-0.0331172475219136));
#3407=CARTESIAN_POINT('',(0.444637500043275,0.016275974607531,0.00537447408582804));
#3408=CARTESIAN_POINT('',(0.444637500043396,0.00907500000000726,0.00697687917070419));
#3409=CARTESIAN_POINT('',(0.444637500086692,0.016275974607531,0.00537447408582805));
#3410=CARTESIAN_POINT('',(0.450770833362213,0.0162759746075291,0.00537447408585037));
#3411=CARTESIAN_POINT('',(0.456904166637733,0.0162759746075272,0.00537447408587267));
#3412=CARTESIAN_POINT('',(0.463037499913254,0.0162759746075252,0.00537447408589499));
#3413=CARTESIAN_POINT('',(0.463037499956635,0.0162759746075252,0.00537447408589499));
#3414=CARTESIAN_POINT('',(0.463037500000153,0.00393178455702677,-0.0331172475219765));
#3415=CARTESIAN_POINT('',(0.463037496382939,0.0117323434827408,0.00654561849634306));
#3416=CARTESIAN_POINT('',(0.460380156920774,0.00907500731899601,0.00697687823177213));
#3417=CARTESIAN_POINT('',(0.46045404829908,0.00975305186706014,0.00688989955128679));
#3418=CARTESIAN_POINT('',(0.461070359630892,0.0110291480012977,0.00668689672992254));
#3419=CARTESIAN_POINT('',(0.462353894503313,0.0116578465018149,0.006560269935266));
#3420=CARTESIAN_POINT('',(0.463037492765813,0.0117323430885611,0.006545618573867));
#3421=CARTESIAN_POINT('',(0.460380156478723,0.00907500365950322,0.0069768787012591));
#3422=CARTESIAN_POINT('',(0.444637500086773,0.00907500000001653,0.00697687917071236));
#3423=CARTESIAN_POINT('',(0.44988505207009,0.00907500000001433,0.00697687917070931));
#3424=CARTESIAN_POINT('',(0.455132604053406,0.00907500000000285,0.00697687917069809));
#3425=CARTESIAN_POINT('',(0.460380156036723,0.00907500000000065,0.00697687917069504));
#3426=CARTESIAN_POINT('',(0.444637500000019,0.00875000000001455,0.00632267212794902));
#3427=CARTESIAN_POINT('',(0.444637500000019,0.00907500000001892,0.00369997212794902));
#3428=CARTESIAN_POINT('',(0.444637500000019,0.0164224745459069,0.00369997212794902));
#3429=CARTESIAN_POINT('',(0.444637500000016,0.00907500000000036,0.00369997212794902));
#3430=CARTESIAN_POINT('',(0.444637500000019,0.0164224745459069,0.00369997212794902));
#3431=CARTESIAN_POINT('',(0.444637500000006,0.00907500000000726,0.00369997212794902));
#3432=CARTESIAN_POINT('',(0.465609034008753,0.00393178455711975,-0.0331172475218366));
#3433=CARTESIAN_POINT('',(0.463687507234079,0.0117323430880751,0.00654561857345531));
#3434=CARTESIAN_POINT('',(0.464371109208722,0.0116578460968106,0.00656027001441198));
#3435=CARTESIAN_POINT('',(0.465655407617916,0.0110283706362686,0.00668703182729915));
#3436=CARTESIAN_POINT('',(0.466270950378511,0.00975306400198336,0.00688989799468035));
#3437=CARTESIAN_POINT('',(0.46634484307928,0.00907500731928474,0.00697687823178317));
#3438=CARTESIAN_POINT('',(0.463687500000014,0.0117323058292511,0.00654576665566258));
#3439=CARTESIAN_POINT('',(0.466344843521297,0.00907500365964145,0.00697687870123716));
#3440=CARTESIAN_POINT('',(0.463687500000055,0.00393178455707611,-0.0331172475218298));
#3441=CARTESIAN_POINT('',(0.463687500043316,0.016275974607525,0.0053744740858973));
#3442=CARTESIAN_POINT('',(0.463687500086722,0.016275974607525,0.0053744740858973));
#3443=CARTESIAN_POINT('',(0.464968522449672,0.0162759746075246,0.00537447408590223));
#3444=CARTESIAN_POINT('',(0.466249544812621,0.0162759746075241,0.00537447408590715));
#3445=CARTESIAN_POINT('',(0.467530567175571,0.0162759746075237,0.00537447408591208));
#3446=CARTESIAN_POINT('',(0.467530567175571,0.0162759799457206,0.00537441190785468));
#3447=CARTESIAN_POINT('',(0.467530536543325,0.0162759998753794,0.00537446598257057));
#3448=CARTESIAN_POINT('',(0.467332728584264,0.0139346984248945,0.00612531666180301));
#3449=CARTESIAN_POINT('',(0.467287549612805,0.0115211385135424,0.00666309172207296));
#3450=CARTESIAN_POINT('',(0.467322027252407,0.00907500657227024,0.0069768783276086));
#3451=CARTESIAN_POINT('',(0.467322114418152,0.00907500168765611,0.00697683067203781));
#3452=CARTESIAN_POINT('',(0.466344843963313,0.00907500000000746,0.00697687917069933));
#3453=CARTESIAN_POINT('',(0.466670600781593,0.00907500000000732,0.00697687917069914));
#3454=CARTESIAN_POINT('',(0.466996357599872,0.00907499999999788,0.00697687917069077));
#3455=CARTESIAN_POINT('',(0.467322114418152,0.00907499999999774,0.00697687917069058));
#3456=CARTESIAN_POINT('',(0.458062500000011,0.00340775453903916,0.00810000000000674));
#3457=CARTESIAN_POINT('',(0.466309077912269,0.00361374471497771,0.00855615975794044));
#3458=CARTESIAN_POINT('',(0.426244692637513,0.00361374471504331,0.00855615975808568));
#3459=CARTESIAN_POINT('',(0.386180307362756,0.0036137447151089,0.00855615975823093));
#3460=CARTESIAN_POINT('',(0.346115922088,0.00361374471517449,0.00855615975837618));
#3461=CARTESIAN_POINT('',(0.346115922125939,0.00361374468924251,0.00855615970095707));
#3462=CARTESIAN_POINT('',(0.466309077874342,0.00361374468905806,0.00855615970054155));
#3463=CARTESIAN_POINT('',(0.346115922088,0.00361374471517449,0.00855615975837617));
#3464=CARTESIAN_POINT('',(0.341362500000015,-0.000249999999989072,4.12970699303906E-15));
#3465=CARTESIAN_POINT('',(0.462312500000011,-0.000249999999985448,6.61248833466743E-15));
#3466=CARTESIAN_POINT('',(0.471062500000011,-0.000249999999985421,6.6127086837367E-15));
#3467=CARTESIAN_POINT('',(0.471062500000011,-0.000249999999985405,6.59045505381208E-15));
#3468=CARTESIAN_POINT('',(0.406212500000155,0.00384174726416006,0.00845289980589596));
#3469=CARTESIAN_POINT('',(0.466309077754895,0.0038409081569422,0.00870322105986351));
#3470=CARTESIAN_POINT('',(0.426244692532596,0.00384090815701496,0.0087032210600078));
#3471=CARTESIAN_POINT('',(0.386180307310296,0.00384090815708772,0.0087032210601521));
#3472=CARTESIAN_POINT('',(0.346115922087996,0.00384090815716048,0.00870322106029639));
#3473=CARTESIAN_POINT('',(0.466309077754896,0.00384090799489336,0.00870326938767728));
#3474=CARTESIAN_POINT('',(0.346115922087995,0.00384090799468558,0.00870326938811079));
#3475=CARTESIAN_POINT('',(0.346115922087996,0.00384090815716048,0.00870322106029639));
#3476=CARTESIAN_POINT('',(0.346115922087996,0.00374560334508225,0.00870290158704798));
#3477=CARTESIAN_POINT('',(0.346115922087996,0.00365303831572786,0.00864298788151466));
#3478=CARTESIAN_POINT('',(0.346115922087996,0.00361371986961654,0.0085561710106668));
#3479=CARTESIAN_POINT('',(0.466309077912269,0.00361371986941938,0.00855617101023009));
#3480=CARTESIAN_POINT('',(0.466309077912269,0.00365303831551996,0.0086429878810582));
#3481=CARTESIAN_POINT('',(0.466309077912269,0.00374560334483782,0.00870290158658778));
#3482=CARTESIAN_POINT('',(0.466309077912269,0.00384090815689354,0.00870322105986335));
#3483=CARTESIAN_POINT('',(0.406212499999867,0.0169417335689947,0.00636662609920632));
#3484=CARTESIAN_POINT('',(0.346235258823592,0.017191058705055,0.00638872823534103));
#3485=CARTESIAN_POINT('',(0.386220086274425,0.0171910587050413,0.00638872823549665));
#3486=CARTESIAN_POINT('',(0.426204913725259,0.0171910587050277,0.00638872823565227));
#3487=CARTESIAN_POINT('',(0.466189741176092,0.0171910587050141,0.0063887282358079));
#3488=CARTESIAN_POINT('',(0.466189741145551,0.0171910587104791,0.00638872817334369));
#3489=CARTESIAN_POINT('',(0.346235258854037,0.0171910587105237,0.00638872817278188));
#3490=CARTESIAN_POINT('',(0.346235258823199,0.0171910877910196,0.00638873081378763));
#3491=CARTESIAN_POINT('',(0.346235258823216,0.0171825164002451,0.00648542115772253));
#3492=CARTESIAN_POINT('',(0.346235258823234,0.0171124330887694,0.00657387066887621));
#3493=CARTESIAN_POINT('',(0.346235258823251,0.0170202635329559,0.00660432168414999));
#3494=CARTESIAN_POINT('',(0.346235258981797,0.0170202798427569,0.00660437105088251));
#3495=CARTESIAN_POINT('',(0.346235258981797,0.0170202635329037,0.00660432168416726));
#3496=CARTESIAN_POINT('',(0.386220086379894,0.0170202635328866,0.00660432168432523));
#3497=CARTESIAN_POINT('',(0.426204913777991,0.0170202635328696,0.0066043216844832));
#3498=CARTESIAN_POINT('',(0.466189741176087,0.0170202635328526,0.00660432168464117));
#3499=CARTESIAN_POINT('',(0.466189741176105,0.0170202798431086,0.00660437105122587));
#3500=CARTESIAN_POINT('',(0.466189741176095,0.0170202635328526,0.00660432168464117));
#3501=CARTESIAN_POINT('',(0.466189741176096,0.0171124330887102,0.00657387066938238));
#3502=CARTESIAN_POINT('',(0.466189741176097,0.0171825164002259,0.00648542115819025));
#3503=CARTESIAN_POINT('',(0.466189741176098,0.0171910877909885,0.00638873081421687));
#3504=CARTESIAN_POINT('',(0.466562500000011,0.0172338168851929,0.0059000000000108));
#3505=CARTESIAN_POINT('',(0.462312500000011,0.0177500000000073,6.61248833466743E-15));
#3506=CARTESIAN_POINT('',(0.341362500000012,0.0177500000000109,3.30491189970417E-15));
#3507=CARTESIAN_POINT('',(0.471062500000011,0.0177500000000127,6.77416629735195E-15));
#3508=CARTESIAN_POINT('',(0.341362500000014,0.0177500000000147,3.95855548281037E-15));
#3509=CARTESIAN_POINT('',(0.466189741176093,0.0171910587050141,0.0063887282358079));
#3510=CARTESIAN_POINT('',(0.462312500000011,0.00875000000001455,6.61248833466743E-15));
#3511=CARTESIAN_POINT('',(0.471312500000011,0.00875000000001455,6.61339491369527E-15));
#3512=CARTESIAN_POINT('',(0.471312500000011,5.59564195064518E-14,6.45751681294104E-15));
#3513=CARTESIAN_POINT('',(0.471312500000011,0.0175000000000164,6.61329724249393E-15));
#3514=CARTESIAN_POINT('',(0.471062500000011,-0.000249999999985448,6.6120476365289E-15));
#3515=CARTESIAN_POINT('',(0.47119457109924,-0.000249999999985448,6.61206094018321E-15));
#3516=CARTESIAN_POINT('',(0.471312500000011,-0.000132057233566704,6.61158175563959E-15));
#3517=CARTESIAN_POINT('',(0.471312500000011,3.71950703215286E-14,6.61158175563959E-15));
#3518=CARTESIAN_POINT('',(0.341362500000013,-0.000249999999992724,1.6572153896346E-15));
#3519=CARTESIAN_POINT('',(0.341230428900797,-0.000249999999990247,1.65720208598029E-15));
#3520=CARTESIAN_POINT('',(0.341112500000014,-0.000132057233562739,9.54406231579093E-18));
#3521=CARTESIAN_POINT('',(0.341112500000014,2.66768773479721E-14,9.54406231579093E-18));
#3522=CARTESIAN_POINT('',(0.341112500000015,1.19945286342071E-14,6.60045128159215E-15));
#3523=CARTESIAN_POINT('',(0.341112500000014,0.00875000000001455,6.60027973709255E-15));
#3524=CARTESIAN_POINT('',(0.341112500000014,0.017500000000001,4.12883963130107E-15));
#3525=CARTESIAN_POINT('',(0.341112500000014,0.0175000000000073,1.65722798100998E-15));
#3526=CARTESIAN_POINT('',(0.341112500000014,0.0176320365568774,1.65722798100998E-15));
#3527=CARTESIAN_POINT('',(0.341230454345546,0.0177500000000018,9.50557847379067E-18));
#3528=CARTESIAN_POINT('',(0.341362500000007,0.0177500000000073,9.51887956501856E-18));
#3529=CARTESIAN_POINT('',(0.471312500000011,0.0175000000000146,6.61736411567171E-15));
#3530=CARTESIAN_POINT('',(0.471312500000011,0.0176320695695262,6.61736411567171E-15));
#3531=CARTESIAN_POINT('',(0.471194555723038,0.0177500000000146,6.61872566785341E-15));
#3532=CARTESIAN_POINT('',(0.471062500000011,0.0177500000000146,6.61871236574797E-15));
#3533=CARTESIAN_POINT('',(0.470244239905968,0.000847232723941365,6.61367852964211E-15));
#3534=CARTESIAN_POINT('',(0.470233454753877,0.00614689781156869,6.61367744324292E-15));
#3535=CARTESIAN_POINT('',(0.47021956110847,0.0114465594809022,6.61314252867987E-15));
#3536=CARTESIAN_POINT('',(0.470195200822807,0.0167461801601249,6.61314007484386E-15));
#3537=CARTESIAN_POINT('',(0.470244239905968,0.00084723272394359,5.12736705708971E-15));
#3538=CARTESIAN_POINT('',(0.470195201114511,0.0167461801709234,-9.66673066163116E-11));
#3539=CARTESIAN_POINT('',(0.462312500000011,0.0167461801624668,6.61248833466743E-15));
#3540=CARTESIAN_POINT('',(0.3422297991297,0.0167461802874563,-1.00722396985134E-10));
#3541=CARTESIAN_POINT('',(0.342229799180418,0.0167461803948232,6.59976231530252E-15));
#3542=CARTESIAN_POINT('',(0.34220543889283,0.0114465600520324,6.59975986146632E-15));
#3543=CARTESIAN_POINT('',(0.342191545245963,0.00614689771855843,6.60057611651161E-15));
#3544=CARTESIAN_POINT('',(0.34218076009406,0.000847232723936228,6.60057503011244E-15));
#3545=CARTESIAN_POINT('',(0.34218076009406,0.00084723272393887,4.72419290954482E-15));
#3546=CARTESIAN_POINT('',(0.462312500000011,0.000847232723932395,6.61248833466743E-15));
#3547=CARTESIAN_POINT('',(0.406212500000009,0.00907500000001892,0.00369997212794902));
#3548=CARTESIAN_POINT('',(0.444637500000019,0.00907500000001892,0.00369997212794902));
#3549=CARTESIAN_POINT('',(0.444637499999995,0.00842500000000193,0.00369997212794902));
#3550=CARTESIAN_POINT('',(0.444637500000019,0.00251804628509126,0.00369997212794902));
#3551=CARTESIAN_POINT('',(0.406212500000009,0.00251804628509126,0.00369997212794902));
#3552=CARTESIAN_POINT('',(0.443987500000017,0.00251804628509126,0.00369997212794902));
#3553=CARTESIAN_POINT('',(0.443987500000017,0.00907500000001892,0.00369997212794902));
#3554=CARTESIAN_POINT('',(0.443987500000017,0.00842500000000219,0.00369997212794902));
#3555=CARTESIAN_POINT('',(0.406212500000009,0.00842500000001746,0.00369997212794902));
#3556=CARTESIAN_POINT('',(0.425587500000009,0.00842500000000963,0.00369997212794902));
#3557=CARTESIAN_POINT('',(0.425587500000016,0.00907500000001892,0.00369997212794902));
#3558=CARTESIAN_POINT('',(0.425587500000016,0.00251804628509126,0.00369997212794902));
#3559=CARTESIAN_POINT('',(0.406212500000009,0.00251804628509126,0.00369997212794902));
#3560=CARTESIAN_POINT('',(0.424937500000015,0.00251804628509126,0.00369997212794902));
#3561=CARTESIAN_POINT('',(0.424937500000015,0.00907500000001892,0.00369997212794902));
#3562=CARTESIAN_POINT('',(0.424937500000015,0.00842500000000989,0.00369997212794902));
#3563=CARTESIAN_POINT('',(0.406212500000009,0.00842500000001746,0.00369997212794902));
#3564=CARTESIAN_POINT('',(0.409194843876896,0.00842500000001626,0.00369997212794902));
#3565=CARTESIAN_POINT('',(0.406212500000016,0.0087500000000291,0.00369997212794902));
#3566=CARTESIAN_POINT('',(0.409194843876902,0.00907500000002234,0.00369997212794902));
#3567=CARTESIAN_POINT('',(0.406212500000009,0.00907500000002257,0.00369997212794902));
#3568=CARTESIAN_POINT('',(0.424937499999987,0.00907500000001904,0.00369997212794902));
#3569=CARTESIAN_POINT('',(0.424937499999987,0.00907500000001892,0.00369997212794902));
#3570=CARTESIAN_POINT('',(0.4249375,0.0164224745459069,0.00369997212794902));
#3571=CARTESIAN_POINT('',(0.406212500000009,0.0164224745459069,0.00369997212794902));
#3572=CARTESIAN_POINT('',(0.425587500000016,0.0164224745459069,0.00369997212794902));
#3573=CARTESIAN_POINT('',(0.425587500000016,0.00907500000001892,0.00369997212794902));
#3574=CARTESIAN_POINT('',(0.425587500000013,0.00907500000000617,0.00369997212794902));
#3575=CARTESIAN_POINT('',(0.406212500000009,0.00907499999999709,0.00369997212794902));
#3576=CARTESIAN_POINT('',(0.443987500000006,0.00907500000000231,0.00369997212794902));
#3577=CARTESIAN_POINT('',(0.443987500000006,0.00907500000001892,0.00369997212794902));
#3578=CARTESIAN_POINT('',(0.443987500000012,0.0164224745459069,0.00369997212794902));
#3579=CARTESIAN_POINT('',(0.406212500000009,0.0164224745459069,0.00369997212794902));
#3580=CARTESIAN_POINT('',(0.406212500000009,0.00907499999999345,0.00369997212794902));
#3581=CARTESIAN_POINT('',(0.46038015612312,0.00907499999999705,0.00369997212794902));
#3582=CARTESIAN_POINT('',(0.463362500000017,0.0087500000000291,0.00369997212794902));
#3583=CARTESIAN_POINT('',(0.460380156123134,0.00842499999999557,0.00369997212794902));
#3584=CARTESIAN_POINT('',(0.406212500000009,0.00842500000001746,0.00369997212794902));
#3585=CARTESIAN_POINT('',(0.444637500000019,0.00875000000001455,0.00632267212794902));
#3586=CARTESIAN_POINT('',(0.444637500000019,0.00842500000000291,0.00705471149773411));
#3587=CARTESIAN_POINT('',(0.444637500000019,0.00700063230980595,0.00721368205568281));
#3588=CARTESIAN_POINT('',(0.444637500000019,0.00556996607255132,0.00729627592070028));
#3589=CARTESIAN_POINT('',(0.444637500000019,0.00414513870315932,0.00730312494959767));
#3590=CARTESIAN_POINT('',(0.444637500043376,0.00842499996586993,0.00705471150154367));
#3591=CARTESIAN_POINT('',(0.444637500043401,0.00414513867568663,0.00730312488850579));
#3592=CARTESIAN_POINT('',(0.444637500000019,0.00414513870315932,0.00730312494959767));
#3593=CARTESIAN_POINT('',(0.444637499999971,0.00842500000000193,0.00632267212794902));
#3594=CARTESIAN_POINT('',(0.406211855540616,0.00395199799477608,-0.0330266169031461));
#3595=CARTESIAN_POINT('',(0.466309077754897,0.00384090794488601,0.00870328819329443));
#3596=CARTESIAN_POINT('',(0.466740926367754,0.00384090794488617,0.00870328819329288));
#3597=CARTESIAN_POINT('',(0.467567790029877,0.00428044276662454,0.00870598307462165));
#3598=CARTESIAN_POINT('',(0.467835765422781,0.00511703265419995,0.00868972214693064));
#3599=CARTESIAN_POINT('',(0.467816378554038,0.00557812462819895,0.00867174076875172));
#3600=CARTESIAN_POINT('',(0.467816378554089,0.00557812809185887,0.00867182958635701));
#3601=CARTESIAN_POINT('',(0.467816378554038,0.00557812462820625,0.00867174076875143));
#3602=CARTESIAN_POINT('',(0.467812069264442,0.00568061559125304,0.00866774388988475));
#3603=CARTESIAN_POINT('',(0.467805288187759,0.00583734817848239,0.00866101338745432));
#3604=CARTESIAN_POINT('',(0.467796488615493,0.00603419932969385,0.00865157962761771));
#3605=CARTESIAN_POINT('',(0.467788257572165,0.00621199190739213,0.00864225402754031));
#3606=CARTESIAN_POINT('',(0.467785404347848,0.00627506013486001,0.00863876027283821));
#3607=CARTESIAN_POINT('',(0.46777905762509,0.00642027046085499,0.00863046053543521));
#3608=CARTESIAN_POINT('',(0.46777211514657,0.00658250426992411,0.00862063666521098));
#3609=CARTESIAN_POINT('',(0.467761857259018,0.00682523122034189,0.0086045651092018));
#3610=CARTESIAN_POINT('',(0.467756264832836,0.00695949564220866,0.00859498533713409));
#3611=CARTESIAN_POINT('',(0.467747445999897,0.00717478474625148,0.00857906145516567));
#3612=CARTESIAN_POINT('',(0.467737383275793,0.0074279283927667,0.00855879263976093));
#3613=CARTESIAN_POINT('',(0.467725628464298,0.00773578836409632,0.00853188776147571));
#3614=CARTESIAN_POINT('',(0.4677113325015,0.00812619414234068,0.00849504474451435));
#3615=CARTESIAN_POINT('',(0.467691962951539,0.00869377005739383,0.00843491504801866));
#3616=CARTESIAN_POINT('',(0.467673354932989,0.00930603902044225,0.00836007747048548));
#3617=CARTESIAN_POINT('',(0.467657270019511,0.00991531909340842,0.00827642732870013));
#3618=CARTESIAN_POINT('',(0.467645122760683,0.0104543530248854,0.0081952580129025));
#3619=CARTESIAN_POINT('',(0.467633367294526,0.0111264376466579,0.00808387390014633));
#3620=CARTESIAN_POINT('',(0.467626446146387,0.0117321467935985,0.00797328485345959));
#3621=CARTESIAN_POINT('',(0.467623297181793,0.0123355532618274,0.00785396142901922));
#3622=CARTESIAN_POINT('',(0.467623726413293,0.0128799781122454,0.00773877430617012));
#3623=CARTESIAN_POINT('',(0.467629571925157,0.0135283795033255,0.00759132512852585));
#3624=CARTESIAN_POINT('',(0.467637976275538,0.0139848195078964,0.00748039736364785));
#3625=CARTESIAN_POINT('',(0.467647854246802,0.0143578542811785,0.00738540434374938));
#3626=CARTESIAN_POINT('',(0.467653402635307,0.0145370813674293,0.00733874274769147));
#3627=CARTESIAN_POINT('',(0.4676659202876,0.0149018035437783,0.00724226966288767));
#3628=CARTESIAN_POINT('',(0.467676845817547,0.0151366407333097,0.00717693016446609));
#3629=CARTESIAN_POINT('',(0.467686012012404,0.0152860765820045,0.00713475736327147));
#3630=CARTESIAN_POINT('',(0.467686012011462,0.0152860623013835,0.0071347068227227));
#3631=CARTESIAN_POINT('',(0.467686012012404,0.0152860765819975,0.00713475736327344));
#3632=CARTESIAN_POINT('',(0.467712548654029,0.0157187016378786,0.00701266476880673));
#3633=CARTESIAN_POINT('',(0.467476017861967,0.0165805542848526,0.00675157999250454));
#3634=CARTESIAN_POINT('',(0.466626421271962,0.0170202878112428,0.0066043952169882));
#3635=CARTESIAN_POINT('',(0.466189741176095,0.0170202878112423,0.00660439521698668));
#3636=CARTESIAN_POINT('',(0.346235258981797,0.0170202878112959,0.00660439521651314));
#3637=CARTESIAN_POINT('',(0.345787647560837,0.0170202878112955,0.00660439521651156));
#3638=CARTESIAN_POINT('',(0.344953957234732,0.0165815517980703,0.00675126483751732));
#3639=CARTESIAN_POINT('',(0.344712446294935,0.0157187839825016,0.00701264152967742));
#3640=CARTESIAN_POINT('',(0.344738987987439,0.015286076582253,0.00713475736286426));
#3641=CARTESIAN_POINT('',(0.344738987987401,0.0152860623176778,0.00713470681778644));
#3642=CARTESIAN_POINT('',(0.344738987987454,0.0152860765821275,0.00713475736289967));
#3643=CARTESIAN_POINT('',(0.34474357546085,0.0152112873167602,0.00715586389689562));
#3644=CARTESIAN_POINT('',(0.344752498841983,0.0150430960668041,0.00720292248167033));
#3645=CARTESIAN_POINT('',(0.344763676852139,0.0147677939759387,0.00727774722609613));
#3646=CARTESIAN_POINT('',(0.344771458674304,0.014541190020306,0.00733765280345269));
#3647=CARTESIAN_POINT('',(0.344777172530923,0.0143572847442602,0.00738556726085543));
#3648=CARTESIAN_POINT('',(0.344787004602009,0.013985218320297,0.00748028272575658));
#3649=CARTESIAN_POINT('',(0.344795433501844,0.0135283295570516,0.00759134402602702));
#3650=CARTESIAN_POINT('',(0.344801272021408,0.0128799798166141,0.00773877169723714));
#3651=CARTESIAN_POINT('',(0.344801703652631,0.0123355963919464,0.00785395296597013));
#3652=CARTESIAN_POINT('',(0.344798554306646,0.0117322020202354,0.0079732743150963));
#3653=CARTESIAN_POINT('',(0.344791633026388,0.0111264804218844,0.00808386629607208));
#3654=CARTESIAN_POINT('',(0.344779877728985,0.0104543574365035,0.00819525876174135));
#3655=CARTESIAN_POINT('',(0.344767727702987,0.00991525867382134,0.00827643193709868));
#3656=CARTESIAN_POINT('',(0.344751660301009,0.00930650475846421,0.00836002536666754));
#3657=CARTESIAN_POINT('',(0.344732987207276,0.00869227275563658,0.00843507937090974));
#3658=CARTESIAN_POINT('',(0.344709984332275,0.00801843177154098,0.00850643933089846));
#3659=CARTESIAN_POINT('',(0.344688236349835,0.00743738382388151,0.00855906592870076));
#3660=CARTESIAN_POINT('',(0.344653869179382,0.00659282788685995,0.00862357458510657));
#3661=CARTESIAN_POINT('',(0.344627231531133,0.00598809628685644,0.00865575294915377));
#3662=CARTESIAN_POINT('',(0.344608621446107,0.00557812462840987,0.0086717407690733));
#3663=CARTESIAN_POINT('',(0.344608621446703,0.00557812810757644,0.00867182958607472));
#3664=CARTESIAN_POINT('',(0.344608621446106,0.00557812462831146,0.00867174076907713));
#3665=CARTESIAN_POINT('',(0.344590280791838,0.00514191553186441,0.00868875178029496));
#3666=CARTESIAN_POINT('',(0.344857127026307,0.00426788081967491,0.00870646949364746));
#3667=CARTESIAN_POINT('',(0.345682974063245,0.00384090794510236,0.00870328819372985));
#3668=CARTESIAN_POINT('',(0.346115922087974,0.00384090794508975,0.00870328819372826));
#3669=CARTESIAN_POINT('',(0.4676860120124,0.0152860623175002,0.00713470681817402));
#3670=CARTESIAN_POINT('',(0.467680618106046,0.0151981272992052,0.00715952887824889));
#3671=CARTESIAN_POINT('',(0.467671866091554,0.01502198581236,0.0072086273444657));
#3672=CARTESIAN_POINT('',(0.467657283535485,0.0146689484362141,0.007304544579627));
#3673=CARTESIAN_POINT('',(0.467632532966254,0.01387223219929,0.00751260444188039));
#3674=CARTESIAN_POINT('',(0.467624466164147,0.0131589266561496,0.00767898302077752));
#3675=CARTESIAN_POINT('',(0.467622137369806,0.0112729366232743,0.0080795006074961));
#3676=CARTESIAN_POINT('',(0.467662122058919,0.00945594564985367,0.00837173933166478));
#3677=CARTESIAN_POINT('',(0.467746025448007,0.00716943308547343,0.00858679872302323));
#3678=CARTESIAN_POINT('',(0.467786350844828,0.00625270135279425,0.00864257342566222));
#3679=CARTESIAN_POINT('',(0.467810115130073,0.00572206258818915,0.00866603043710466));
#3680=CARTESIAN_POINT('',(0.467813352313497,0.00565010339496803,0.00866902343784708));
#3681=CARTESIAN_POINT('',(0.467816378554038,0.00557812809185998,0.00867182958635703));
#3682=CARTESIAN_POINT('',(0.467738073731613,0.0152830867720622,0.00713554674712512));
#3683=CARTESIAN_POINT('',(0.467732514718722,0.0151955837637724,0.00716024014256183));
#3684=CARTESIAN_POINT('',(0.467723738475252,0.015019796655215,0.00720922893434302));
#3685=CARTESIAN_POINT('',(0.467709310982082,0.0146672304662861,0.00730499943189431));
#3686=CARTESIAN_POINT('',(0.467685214536086,0.0138712911461698,0.0075128253413523));
#3687=CARTESIAN_POINT('',(0.467677899149268,0.0131585067324631,0.0076790728040852));
#3688=CARTESIAN_POINT('',(0.467677515552117,0.0112737278751956,0.00807933185466253));
#3689=CARTESIAN_POINT('',(0.467719131566759,0.00945754094671429,0.0083715066215909));
#3690=CARTESIAN_POINT('',(0.467804375001364,0.00717178774342028,0.00858661079149653));
#3691=CARTESIAN_POINT('',(0.46784511984398,0.00625533293726767,0.008642427472429));
#3692=CARTESIAN_POINT('',(0.46786896860983,0.00572470507869002,0.00866591822766466));
#3693=CARTESIAN_POINT('',(0.467872198924542,0.00565272240051127,0.00866891697738827));
#3694=CARTESIAN_POINT('',(0.467875163811081,0.00558061094878212,0.00867173278558117));
#3695=CARTESIAN_POINT('',(0.467828938763767,0.0152698632563624,0.00710856479667223));
#3696=CARTESIAN_POINT('',(0.467823046933685,0.0151834790958383,0.00713329213488062));
#3697=CARTESIAN_POINT('',(0.467814269953826,0.0150082369467418,0.00718204983133688));
#3698=CARTESIAN_POINT('',(0.46780009048124,0.0146568171374965,0.00727736835042268));
#3699=CARTESIAN_POINT('',(0.46777714121727,0.0138624970872843,0.00748390588641391));
#3700=CARTESIAN_POINT('',(0.467771124908562,0.0131510184307917,0.00764891769459484));
#3701=CARTESIAN_POINT('',(0.467774084411511,0.0112692858936789,0.00804612063839152));
#3702=CARTESIAN_POINT('',(0.467818554721289,0.00945578740161,0.0083356926080426));
#3703=CARTESIAN_POINT('',(0.467906060686895,0.00717303551785881,0.00854901287723471));
#3704=CARTESIAN_POINT('',(0.467947569681157,0.00625805731410219,0.00860410972959051));
#3705=CARTESIAN_POINT('',(0.467971511424323,0.00572767559489876,0.00862771659336963));
#3706=CARTESIAN_POINT('',(0.467974749488509,0.00565582012019877,0.00863066077157046));
#3707=CARTESIAN_POINT('',(0.467977594327742,0.00558345853323408,0.00863363735023459));
#3708=CARTESIAN_POINT('',(0.467890001332325,0.0152470299437773,0.00704102395273635));
#3709=CARTESIAN_POINT('',(0.467884100004256,0.0151615484181384,0.00706604409060682));
#3710=CARTESIAN_POINT('',(0.467875361900016,0.0149869329505018,0.00711465992453007));
#3711=CARTESIAN_POINT('',(0.46786120506165,0.0146366471682559,0.00720933497144762));
#3712=CARTESIAN_POINT('',(0.467838335191555,0.0138441622734317,0.00741373232491156));
#3713=CARTESIAN_POINT('',(0.467832331934402,0.0131341725344828,0.0075764876875471));
#3714=CARTESIAN_POINT('',(0.467835195849209,0.0112562367356586,0.007967918743351));
#3715=CARTESIAN_POINT('',(0.467879336597613,0.0094464975500814,0.00825259590182297));
#3716=CARTESIAN_POINT('',(0.467966378343739,0.0071687559246202,0.00846207355475814));
#3717=CARTESIAN_POINT('',(0.46800774870257,0.00625600820365798,0.00851588801635151));
#3718=CARTESIAN_POINT('',(0.468031630861697,0.00572661760915798,0.00853936273842316));
#3719=CARTESIAN_POINT('',(0.468034883799985,0.00565494717128604,0.00854228815035298));
#3720=CARTESIAN_POINT('',(0.468037750210482,0.00558256583705224,0.00854547342582275));
#3721=CARTESIAN_POINT('',(0.467907878628521,0.0152365612867288,0.00700784565633279));
#3722=CARTESIAN_POINT('',(0.467902059003623,0.0151513478671695,0.00703299430531306));
#3723=CARTESIAN_POINT('',(0.467893342447955,0.0149770107571458,0.00708157348202312));
#3724=CARTESIAN_POINT('',(0.467879141078287,0.0146271467794359,0.00717598126746483));
#3725=CARTESIAN_POINT('',(0.46785603664751,0.0138354380171004,0.00737948578965745));
#3726=CARTESIAN_POINT('',(0.467849721541737,0.0131260622941481,0.0075412967335262));
#3727=CARTESIAN_POINT('',(0.467851705886824,0.011249759585,0.00793031296409201));
#3728=CARTESIAN_POINT('',(0.467894944470554,0.00944164523399377,0.00821302041012798));
#3729=CARTESIAN_POINT('',(0.467981159417192,0.00716616232875822,0.00842091714658979));
#3730=CARTESIAN_POINT('',(0.468022257218654,0.0062543553850337,0.00847425047522934));
#3731=CARTESIAN_POINT('',(0.468046085390677,0.00572549555387377,0.00849762435583861));
#3732=CARTESIAN_POINT('',(0.468049343836934,0.00565389227819105,0.00850055619692719));
#3733=CARTESIAN_POINT('',(0.46805225377504,0.00558155493927916,0.00850380890347324));
#3734=CARTESIAN_POINT('',(0.46804485247243,0.00558080799869934,0.00850129193847725));
#3735=CARTESIAN_POINT('',(0.46801187783726,0.00558559119020228,0.00859683655181709));
#3736=CARTESIAN_POINT('',(0.46791732674006,0.00558365381237336,0.00866808365961588));
#3737=CARTESIAN_POINT('',(0.46781644564885,0.00557817483074064,0.00867320203067621));
#3738=CARTESIAN_POINT('',(0.468052253775331,0.00558155493873822,0.00850380890271964));
#3739=CARTESIAN_POINT('',(0.46805225377489,0.00558155493928962,0.00850380890390441));
#3740=CARTESIAN_POINT('',(0.468019101176875,0.0064056861174978,0.00846675118350038));
#3741=CARTESIAN_POINT('',(0.467942293385702,0.00802471881107979,0.00836569884711326));
#3742=CARTESIAN_POINT('',(0.467867576037913,0.010463658022176,0.00806052977549923));
#3743=CARTESIAN_POINT('',(0.467843369079288,0.0128637864263686,0.00761568971991543));
#3744=CARTESIAN_POINT('',(0.467855658905076,0.0144719379167101,0.00723350547419744));
#3745=CARTESIAN_POINT('',(0.467907878628521,0.0152365612867288,0.00700784565633279));
#3746=CARTESIAN_POINT('',(0.467907878628518,0.0152365612867209,0.00700784565633361));
#3747=CARTESIAN_POINT('',(0.467907878628521,0.0152365612867288,0.00700784565633279));
#3748=CARTESIAN_POINT('',(0.467866164937398,0.015260988153175,0.00708526168127334));
#3749=CARTESIAN_POINT('',(0.467777120021025,0.0152808551129831,0.0071361766938371));
#3750=CARTESIAN_POINT('',(0.467686012012404,0.0152860623175,0.00713470681817408));
#3751=CARTESIAN_POINT('',(0.467850067634532,0.00592769844295253,0.00903117775329499));
#3752=CARTESIAN_POINT('',(0.469004211756357,0.00395179896197078,0.00602078516886553));
#3753=CARTESIAN_POINT('',(0.470158355878186,0.0019758994809963,0.00301039258443607));
#3754=CARTESIAN_POINT('',(0.471312500000011,1.45519152283669E-14,6.61604104834623E-15));
#3755=CARTESIAN_POINT('',(0.467850067634532,0.00695192181117454,0.00886499292981237));
#3756=CARTESIAN_POINT('',(0.469004211756357,0.00467824777205533,0.00590999528654379));
#3757=CARTESIAN_POINT('',(0.470158355878186,0.00240457373294339,0.0029549976432752));
#3758=CARTESIAN_POINT('',(0.471312500000011,0.000130899693824176,6.61604104834623E-15));
#3759=CARTESIAN_POINT('',(0.467850067634532,0.0141739043813868,0.00729302477576922));
#3760=CARTESIAN_POINT('',(0.469004211756357,0.0152389696896498,0.00486201651718168));
#3761=CARTESIAN_POINT('',(0.470158355878186,0.0163040349979128,0.00243100825859415));
#3762=CARTESIAN_POINT('',(0.471312500000011,0.0173691003061758,6.61604104834623E-15));
#3763=CARTESIAN_POINT('',(0.467850067634532,0.0151981277496161,0.00712683995228445));
#3764=CARTESIAN_POINT('',(0.469004211756357,0.0159654184997489,0.0047512266348585));
#3765=CARTESIAN_POINT('',(0.470158355878186,0.0167327092498817,0.00237561331743256));
#3766=CARTESIAN_POINT('',(0.471312500000011,0.0175000000000146,6.61604104834623E-15));
#3767=CARTESIAN_POINT('',(0.469610189314263,0.016368280643368,0.00350392282817153));
#3768=CARTESIAN_POINT('',(0.469581283817272,0.00296384922176687,0.00451558887661004));
#3769=CARTESIAN_POINT('',(0.468312500000011,0.0162376221871018,0.00581284425726265));
#3770=CARTESIAN_POINT('',(0.443987500000017,0.0162759800108179,0.00537441232843642));
#3771=CARTESIAN_POINT('',(0.443987499956636,0.0162759746075311,0.00537447408582719));
#3772=CARTESIAN_POINT('',(0.425587500086691,0.0162759746075372,0.00537447408575749));
#3773=CARTESIAN_POINT('',(0.431720833362213,0.0162759746075352,0.00537447408578073));
#3774=CARTESIAN_POINT('',(0.437854166637735,0.0162759746075332,0.00537447408580395));
#3775=CARTESIAN_POINT('',(0.443987499913256,0.0162759746075311,0.00537447408582719));
#3776=CARTESIAN_POINT('',(0.42558750004327,0.0162759746075372,0.00537447408575749));
#3777=CARTESIAN_POINT('',(0.425587500000016,0.0164224745459069,0.00369997212794902));
#3778=CARTESIAN_POINT('',(0.424937500000015,0.0162759800108178,0.00537441232836673));
#3779=CARTESIAN_POINT('',(0.424937499956616,0.0162759746075373,0.00537447408575643));
#3780=CARTESIAN_POINT('',(0.40653750008674,0.0162759746075432,0.00537447408568947));
#3781=CARTESIAN_POINT('',(0.412670833362232,0.0162759746075412,0.00537447408571179));
#3782=CARTESIAN_POINT('',(0.418804166637724,0.0162759746075393,0.00537447408573411));
#3783=CARTESIAN_POINT('',(0.424937499913215,0.0162759746075373,0.00537447408575643));
#3784=CARTESIAN_POINT('',(0.406537500043326,0.0162759746075432,0.00537447408568947));
#3785=CARTESIAN_POINT('',(0.4065375,0.0162376221871018,0.00581284425726265));
#3786=CARTESIAN_POINT('',(0.406537500000008,0.0163898675210037,0.00407267212794925));
#3787=CARTESIAN_POINT('',(0.468312500000011,0.0163898675210037,0.00407267212794931));
#3788=CARTESIAN_POINT('',(0.405887500000011,0.0163898675210037,0.00407267212794925));
#3789=CARTESIAN_POINT('',(0.405887500000012,0.0162376221871018,0.00581284425726265));
#3790=CARTESIAN_POINT('',(0.405887499956629,0.0162759746075434,0.00537447408568668));
#3791=CARTESIAN_POINT('',(0.387487500086692,0.0162759746075495,0.00537447408561697));
#3792=CARTESIAN_POINT('',(0.393620833362211,0.0162759746075475,0.0053744740856402));
#3793=CARTESIAN_POINT('',(0.399754166637729,0.0162759746075454,0.00537447408566345));
#3794=CARTESIAN_POINT('',(0.405887499913248,0.0162759746075434,0.00537447408568668));
#3795=CARTESIAN_POINT('',(0.387487500043269,0.0162759746075495,0.00537447408561697));
#3796=CARTESIAN_POINT('',(0.387487499999932,0.0162376221871018,0.00581284425726265));
#3797=CARTESIAN_POINT('',(0.387487499999973,0.0163898675210037,0.00407267212794925));
#3798=CARTESIAN_POINT('',(0.468312500000011,0.0163898675210037,0.00407267212794931));
#3799=CARTESIAN_POINT('',(0.386837500000012,0.0163898675210037,0.00407267212794917));
#3800=CARTESIAN_POINT('',(0.386837500000012,0.0162376221871018,0.00581284425726265));
#3801=CARTESIAN_POINT('',(0.386837499956632,0.0162759746075501,0.00537447408561077));
#3802=CARTESIAN_POINT('',(0.368437500086688,0.0162759746075559,0.00537447408554386));
#3803=CARTESIAN_POINT('',(0.374570833362209,0.016275974607554,0.00537447408556616));
#3804=CARTESIAN_POINT('',(0.38070416663773,0.016275974607552,0.00537447408558847));
#3805=CARTESIAN_POINT('',(0.386837499913251,0.0162759746075501,0.00537447408561077));
#3806=CARTESIAN_POINT('',(0.368437500043269,0.0162759746075559,0.00537447408554386));
#3807=CARTESIAN_POINT('',(0.368437499999925,0.0162376221871018,0.00581284425726265));
#3808=CARTESIAN_POINT('',(0.36843749999997,0.0163898675210037,0.00407267212794925));
#3809=CARTESIAN_POINT('',(0.468312500000011,0.0163898675210037,0.00407267212794931));
#3810=CARTESIAN_POINT('',(0.367787500000015,0.0163898675210037,0.00407267212794925));
#3811=CARTESIAN_POINT('',(0.367787500000017,0.0162376221871018,0.00581284425726265));
#3812=CARTESIAN_POINT('',(0.367787499956633,0.0162759746075559,0.00537447408554388));
#3813=CARTESIAN_POINT('',(0.34938750008672,0.016275974607562,0.00537447408547421));
#3814=CARTESIAN_POINT('',(0.355520833362231,0.01627597460756,0.00537447408549744));
#3815=CARTESIAN_POINT('',(0.361654166637742,0.0162759746075579,0.00537447408552066));
#3816=CARTESIAN_POINT('',(0.367787499913252,0.0162759746075559,0.00537447408554389));
#3817=CARTESIAN_POINT('',(0.349387500043315,0.016275974607562,0.00537447408547421));
#3818=CARTESIAN_POINT('',(0.349387499999959,0.0162376221871018,0.00581284425726265));
#3819=CARTESIAN_POINT('',(0.349387499999987,0.0163898675210037,0.00407267212794925));
#3820=CARTESIAN_POINT('',(0.468312500000011,0.0163898675210037,0.00407267212794931));
#3821=CARTESIAN_POINT('',(0.348737500000014,0.0163898675210037,0.00407267212794917));
#3822=CARTESIAN_POINT('',(0.348737500000014,0.0162376221871018,0.00581284425726265));
#3823=CARTESIAN_POINT('',(0.348737499956632,0.0162759746075623,0.00537447408547048));
#3824=CARTESIAN_POINT('',(0.344894432857453,0.0162759746075634,0.00537447408545843));
#3825=CARTESIAN_POINT('',(0.346175455209385,0.0162759746075631,0.00537447408546244));
#3826=CARTESIAN_POINT('',(0.347456477561317,0.0162759746075627,0.00537447408546647));
#3827=CARTESIAN_POINT('',(0.348737499913249,0.0162759746075623,0.00537447408547048));
#3828=CARTESIAN_POINT('',(0.344894432857453,0.0162759799431872,0.0053744118909179));
#3829=CARTESIAN_POINT('',(0.344894434637873,0.0162759801242664,0.0053744110292548));
#3830=CARTESIAN_POINT('',(0.344010457740708,0.0164328954354563,0.00358086081528691));
#3831=CARTESIAN_POINT('',(0.343121460931735,0.0165895955271225,0.00178977057173344));
#3832=CARTESIAN_POINT('',(0.342229799078984,0.0167461801800895,-2.01451404527109E-10));
#3833=CARTESIAN_POINT('',(0.467530565462517,0.0162759801199324,0.00537441107879247));
#3834=CARTESIAN_POINT('',(0.468414542730001,0.0164328954178277,0.0035808610167838));
#3835=CARTESIAN_POINT('',(0.469303539086756,0.0165895955227908,0.00178977062124491));
#3836=CARTESIAN_POINT('',(0.470195200919122,0.0167461801793799,-1.93341159598787E-10));
#3837=CARTESIAN_POINT('',(0.463687500000018,0.0163898675210075,0.00407267212794902));
#3838=CARTESIAN_POINT('',(0.463687500000018,0.0163898675210075,0.00407267212794902));
#3839=CARTESIAN_POINT('',(0.406212500000009,0.0163898675210075,0.00407267212794902));
#3840=CARTESIAN_POINT('',(0.463037500000017,0.0163898675210075,0.00407267212794902));
#3841=CARTESIAN_POINT('',(0.463037500000017,0.0162759800107561,0.00537441232861411));
#3842=CARTESIAN_POINT('',(0.462862500000017,0.0092500000000291,0.0133879740340523));
#3843=CARTESIAN_POINT('',(0.462862500000017,0.0092500000000291,0.0133879740340523));
#3844=CARTESIAN_POINT('',(0.462862499997953,0.0092500000000291,0.00695399237024388));
#3845=CARTESIAN_POINT('',(0.462862499996018,0.0092500000000291,0.00695399237024388));
#3846=CARTESIAN_POINT('',(0.462362500025124,0.0092500000000291,0.00695399237024417));
#3847=CARTESIAN_POINT('',(0.46186250005423,0.0092500000000291,0.00695399237024445));
#3848=CARTESIAN_POINT('',(0.461362500083336,0.0092500000000291,0.00695399237024474));
#3849=CARTESIAN_POINT('',(0.462862500000017,0.0107500000000291,0.0133879740340523));
#3850=CARTESIAN_POINT('',(0.462862499999994,0.00394808644398903,-0.0330562125253661));
#3851=CARTESIAN_POINT('',(0.465362500000017,0.0092500000000291,0.0133879740340523));
#3852=CARTESIAN_POINT('',(0.463862500000017,0.0092500000000291,0.0133879740340523));
#3853=CARTESIAN_POINT('',(0.463862499999983,0.0092500000000291,0.00695399237024331));
#3854=CARTESIAN_POINT('',(0.465362499916686,0.0092500000000291,0.00695399237024245));
#3855=CARTESIAN_POINT('',(0.464862499945796,0.0092500000000291,0.00695399237024274));
#3856=CARTESIAN_POINT('',(0.464362499974907,0.0092500000000291,0.00695399237024302));
#3857=CARTESIAN_POINT('',(0.463862500004017,0.0092500000000291,0.00695399237024331));
#3858=CARTESIAN_POINT('',(0.463862500000017,0.0067500000000291,0.0133879740340523));
#3859=CARTESIAN_POINT('',(0.463862500000017,0.0082500000000291,0.0133879740340523));
#3860=CARTESIAN_POINT('',(0.463862500000953,0.0082500000000291,0.00707383012226495));
#3861=CARTESIAN_POINT('',(0.463862499999974,0.00394808644400895,-0.0330562125253693));
#3862=CARTESIAN_POINT('',(0.467907878628514,0.0152365612867216,0.00700784565633644));
#3863=CARTESIAN_POINT('',(0.469042752419013,0.0159910408578216,0.0046718971042265));
#3864=CARTESIAN_POINT('',(0.470177626209512,0.0167455204289145,0.00233594855211656));
#3865=CARTESIAN_POINT('',(0.471312500000011,0.0175000000000146,6.61604104834623E-15));
#3866=CARTESIAN_POINT('',(0.467907878628514,0.0155249349617443,0.00696115705777364));
#3867=CARTESIAN_POINT('',(0.469042672878277,0.0161957738314086,0.00464076816853007));
#3868=CARTESIAN_POINT('',(0.470177705750248,0.0168665610428943,0.00232038888925019));
#3869=CARTESIAN_POINT('',(0.471312500000011,0.0175373999125586,6.61604104834623E-15));
#3870=CARTESIAN_POINT('',(0.467774462586967,0.0161014644635579,0.00686781513095742));
#3871=CARTESIAN_POINT('',(0.468948073826297,0.0166050129158102,0.0045785472444232));
#3872=CARTESIAN_POINT('',(0.470121804384391,0.0171086230321016,0.00228926788654084));
#3873=CARTESIAN_POINT('',(0.471295415623721,0.0176121714843539,6.61604104834623E-15));
#3874=CARTESIAN_POINT('',(0.467214373318977,0.0167952834498283,0.00675548367031962));
#3875=CARTESIAN_POINT('',(0.468550783429266,0.0170976031872706,0.00450365032113325));
#3876=CARTESIAN_POINT('',(0.469887284184435,0.0173998348891037,0.00225183334919298));
#3877=CARTESIAN_POINT('',(0.471223694294724,0.017702154626546,6.61559695913638E-15));
#3878=CARTESIAN_POINT('',(0.466539769593608,0.0171158957515727,0.00670357553740959));
#3879=CARTESIAN_POINT('',(0.468072275375514,0.0173251449687814,0.00446905607838572));
#3880=CARTESIAN_POINT('',(0.469604803219445,0.0175344864310609,0.00223451945903048));
#3881=CARTESIAN_POINT('',(0.471137309001351,0.0177437356482696,6.61559695913638E-15));
#3882=CARTESIAN_POINT('',(0.466101600440576,0.017164197311904,0.00669575536394973));
#3883=CARTESIAN_POINT('',(0.467761473385861,0.0173595180098346,0.00446382702456539));
#3884=CARTESIAN_POINT('',(0.469421327010998,0.017554679302084,0.00223192833939096));
#3885=CARTESIAN_POINT('',(0.471081199956283,0.0177500000000146,6.61604104834623E-15));
#3886=CARTESIAN_POINT('',(0.465955567942769,0.017164197311904,0.00669575536394973));
#3887=CARTESIAN_POINT('',(0.467657878628517,0.0173594648746075,0.00446383690930202));
#3888=CARTESIAN_POINT('',(0.469360189314262,0.017554732437311,0.00223191845465432));
#3889=CARTESIAN_POINT('',(0.471062500000011,0.0177500000000146,6.61604104834623E-15));
#3890=CARTESIAN_POINT('',(0.466189741176098,0.0171910587050124,0.00638872823580782));
#3891=CARTESIAN_POINT('',(0.466698815228104,0.0171863699453302,0.0064426005198215));
#3892=CARTESIAN_POINT('',(0.46764227157844,0.0166719721913111,0.0066384029103402));
#3893=CARTESIAN_POINT('',(0.467922512302089,0.0157138421519418,0.0069020265169895));
#3894=CARTESIAN_POINT('',(0.467907878628514,0.0152365612867216,0.00700784565633644));
#3895=CARTESIAN_POINT('',(0.466172130662555,0.00372506014259125,0.00880266480743081));
#3896=CARTESIAN_POINT('',(0.46780225377504,0.00240004009506811,0.00586844320495608));
#3897=CARTESIAN_POINT('',(0.469432376887526,0.00107502004753769,0.00293422160248134));
#3898=CARTESIAN_POINT('',(0.471062500000011,-0.000249999999985448,6.61248833466743E-15));
#3899=CARTESIAN_POINT('',(0.466453396422461,0.00372506014259125,0.0088026648074308));
#3900=CARTESIAN_POINT('',(0.468002247650878,0.00240011515878723,0.0058684292408671));
#3901=CARTESIAN_POINT('',(0.469551048684138,0.00107494498381857,0.00293423556657032));
#3902=CARTESIAN_POINT('',(0.471099899912555,-0.000249999999985448,6.61248833466743E-15));
#3903=CARTESIAN_POINT('',(0.467015715463676,0.00385192836612987,0.00878224174042262));
#3904=CARTESIAN_POINT('',(0.468402014164709,0.00249035123739304,0.00585482084441418));
#3905=CARTESIAN_POINT('',(0.469788372783321,0.00112866150513582,0.00292742089601505));
#3906=CARTESIAN_POINT('',(0.471174671484354,-0.000232915623601002,6.61248833466743E-15));
#3907=CARTESIAN_POINT('',(0.467692433005239,0.00438452946219331,0.00869650437003376));
#3908=CARTESIAN_POINT('',(0.468883202059806,0.0028693167243473,0.00579766427549126));
#3909=CARTESIAN_POINT('',(0.470073885571994,0.00135401844321314,0.00289884009454912));
#3910=CARTESIAN_POINT('',(0.471264654626561,-0.000161194294632878,6.61293242387728E-15));
#3911=CARTESIAN_POINT('',(0.468005142765163,0.00502602485263924,0.00859323735030407));
#3912=CARTESIAN_POINT('',(0.469105477182035,0.00332575384149823,0.00572882360912592));
#3913=CARTESIAN_POINT('',(0.470205901231409,0.00162546200985526,0.00286441374118477));
#3914=CARTESIAN_POINT('',(0.471306235648281,-7.48090012857574E-5,6.61204424545758E-15));
#3915=CARTESIAN_POINT('',(0.46805225377504,0.005442689453208,0.00852616327281692));
#3916=CARTESIAN_POINT('',(0.469139054147068,0.0036222202391582,0.0056841099791552));
#3917=CARTESIAN_POINT('',(0.470225699627983,0.00180176925779233,0.00284205329366834));
#3918=CARTESIAN_POINT('',(0.471312500000011,-1.86999562574783E-5,6.61248833466743E-15));
#3919=CARTESIAN_POINT('',(0.46805225377504,0.00558155493927188,0.00850380890347529));
#3920=CARTESIAN_POINT('',(0.469139002516698,0.00372103662618611,0.0056692059356524));
#3921=CARTESIAN_POINT('',(0.470225751258353,0.00186051831310033,0.00283460296782951));
#3922=CARTESIAN_POINT('',(0.471312500000011,1.45519152283669E-14,6.61248833466743E-15));
#3923=CARTESIAN_POINT('',(0.466309388255269,0.00360572402170674,0.00856014330883871));
#3924=CARTESIAN_POINT('',(0.466918965328745,0.0036433427643983,0.00858839711234929));
#3925=CARTESIAN_POINT('',(0.467900519355991,0.00432483162553509,0.00859765322653621));
#3926=CARTESIAN_POINT('',(0.468067611691149,0.00521420870155906,0.00854315982954137));
#3927=CARTESIAN_POINT('',(0.468044852472573,0.00558080799868145,0.00850129193806031));
#3928=CARTESIAN_POINT('',(0.45383749999996,0.00394952635919295,-0.033059664864571));
#3929=CARTESIAN_POINT('',(0.463037499650975,0.00576765616117982,0.00726264145870997));
#3930=CARTESIAN_POINT('',(0.462362647848546,0.00584119800718843,0.00725923656346729));
#3931=CARTESIAN_POINT('',(0.461069635293761,0.00646437343824075,0.00723445936581088));
#3932=CARTESIAN_POINT('',(0.460453240645505,0.00775434406843019,0.00712956195135186));
#3933=CARTESIAN_POINT('',(0.460380156123135,0.00842499999998818,0.00705471149771878));
#3934=CARTESIAN_POINT('',(0.463037500574066,0.00576765791439862,0.0072626402766016));
#3935=CARTESIAN_POINT('',(0.460380156123119,0.00842499999999188,0.00705471141458146));
#3936=CARTESIAN_POINT('',(0.463037500000017,0.00414513870336668,0.00730312494953344));
#3937=CARTESIAN_POINT('',(0.463037500000017,0.00468535988624156,0.00730052815038955));
#3938=CARTESIAN_POINT('',(0.463037500000017,0.00522642042733367,0.00728704275858047));
#3939=CARTESIAN_POINT('',(0.463037500000017,0.00576765797052572,0.00726264152154231));
#3940=CARTESIAN_POINT('',(0.463037499956636,0.0041451386753654,0.00730312488753271));
#3941=CARTESIAN_POINT('',(0.444637500000023,0.00414513870338914,0.00730312494959795));
#3942=CARTESIAN_POINT('',(0.45077083333335,0.0041451387033792,0.00730312494957592));
#3943=CARTESIAN_POINT('',(0.456904166666676,0.00414513870336925,0.00730312494955389));
#3944=CARTESIAN_POINT('',(0.463037500000002,0.0041451387033593,0.00730312494953187));
#3945=CARTESIAN_POINT('',(0.460380156123103,0.00842499999999556,0.00705471149771861));
#3946=CARTESIAN_POINT('',(0.455132604082059,0.00842499999999769,0.00705471149772384));
#3947=CARTESIAN_POINT('',(0.449885052041015,0.00842499999999981,0.00705471149772908));
#3948=CARTESIAN_POINT('',(0.444637499999971,0.00842500000000193,0.00705471149773431));
#3949=CARTESIAN_POINT('',(0.456312500000011,0.00431913822108618,0.00768844224694707));
#3950=CARTESIAN_POINT('',(0.425587500000016,0.00414513870332303,0.00730312494978819));
#3951=CARTESIAN_POINT('',(0.425587500043398,0.00414513871555755,0.00730312494974176));
#3952=CARTESIAN_POINT('',(0.425587500000016,0.00414513870348588,0.00730312494981217));
#3953=CARTESIAN_POINT('',(0.431720833333365,0.00414513870346591,0.00730312494976794));
#3954=CARTESIAN_POINT('',(0.437854166666715,0.00414513870344593,0.0073031249497237));
#3955=CARTESIAN_POINT('',(0.443987500000064,0.00414513870342595,0.00730312494967946));
#3956=CARTESIAN_POINT('',(0.443987500000017,0.00414513868718495,0.00730312488756397));
#3957=CARTESIAN_POINT('',(0.443987500000017,0.00251804628509126,0.00369997212794902));
#3958=CARTESIAN_POINT('',(0.463037500000017,0.0026863481513501,0.00407267212794902));
#3959=CARTESIAN_POINT('',(0.463037500000017,0.0026863481513501,0.00407267212794902));
#3960=CARTESIAN_POINT('',(0.406212500000009,0.0026863481513501,0.00407267212794902));
#3961=CARTESIAN_POINT('',(0.463687500000018,0.0026863481513501,0.00407267212794902));
#3962=CARTESIAN_POINT('',(0.463687500000018,0.00414513870336669,0.00730312494953122));
#3963=CARTESIAN_POINT('',(0.463687500043516,0.00414514015528859,0.00730312816478211));
#3964=CARTESIAN_POINT('',(0.463687500043516,0.00414513870335909,0.0073031249495314));
#3965=CARTESIAN_POINT('',(0.464955174839252,0.00414513873267112,0.00730312501444211));
#3966=CARTESIAN_POINT('',(0.466222849634987,0.00414513876198315,0.00730312507935281));
#3967=CARTESIAN_POINT('',(0.467490524430723,0.00414513879129518,0.00730312514426352));
#3968=CARTESIAN_POINT('',(0.467490524430723,0.00414513874623855,0.0073031280590225));
#3969=CARTESIAN_POINT('',(0.467490525620273,0.00414513860190297,0.00730312472485953));
#3970=CARTESIAN_POINT('',(0.468411842977133,0.00304631982409954,0.00486981980917072));
#3971=CARTESIAN_POINT('',(0.46932910549831,0.00194692620942955,0.00243524193255207));
#3972=CARTESIAN_POINT('',(0.470244239905969,0.000847232723945806,3.61818379401055E-15));
#3973=CARTESIAN_POINT('',(0.344934474425902,0.00414513859717324,0.00730312471438567));
#3974=CARTESIAN_POINT('',(0.344013157200072,0.00304631980019537,0.00486981975623556));
#3975=CARTESIAN_POINT('',(0.343095894502156,0.00194692620995634,0.00243524193371864));
#3976=CARTESIAN_POINT('',(0.342180760094059,0.000847232723945454,2.83304406622245E-15));
#3977=CARTESIAN_POINT('',(0.344934475189453,0.00414513884644318,0.00730312826858037));
#3978=CARTESIAN_POINT('',(0.344934475189452,0.00414513879099931,0.00730312514360831));
#3979=CARTESIAN_POINT('',(0.346202150126305,0.00414513876184752,0.00730312507905247));
#3980=CARTESIAN_POINT('',(0.347469825063158,0.00414513873269574,0.00730312501449662));
#3981=CARTESIAN_POINT('',(0.348737500000011,0.00414513870354396,0.00730312494994078));
#3982=CARTESIAN_POINT('',(0.348737500000147,0.00414514012746745,0.00730312810318144));
#3983=CARTESIAN_POINT('',(0.34873750000001,0.00431913822108619,0.00768844224694707));
#3984=CARTESIAN_POINT('',(0.348737500000012,0.00268634815135047,0.00407267212794889));
#3985=CARTESIAN_POINT('',(0.456312500000011,0.00268634815135047,0.00407267212794885));
#3986=CARTESIAN_POINT('',(0.349387500000015,0.00268634815135051,0.00407267212794894));
#3987=CARTESIAN_POINT('',(0.349387500000015,0.00431913822108619,0.00768844224694707));
#3988=CARTESIAN_POINT('',(0.349387500043505,0.004145140155462,0.0073031281651746));
#3989=CARTESIAN_POINT('',(0.349387500043505,0.00414513870353642,0.00730312494992408));
#3990=CARTESIAN_POINT('',(0.355520833362386,0.00414513870352668,0.00730312494990251));
#3991=CARTESIAN_POINT('',(0.361654166681268,0.00414513870351693,0.00730312494988093));
#3992=CARTESIAN_POINT('',(0.36778750000015,0.00414513870350719,0.00730312494985936));
#3993=CARTESIAN_POINT('',(0.367787500000081,0.0041451386872676,0.00730312488780432));
#3994=CARTESIAN_POINT('',(0.367787500000149,0.00431913822108618,0.00768844224694707));
#3995=CARTESIAN_POINT('',(0.367787500000081,0.00268634815135047,0.00407267212794889));
#3996=CARTESIAN_POINT('',(0.456312500000011,0.00268634815135047,0.00407267212794885));
#3997=CARTESIAN_POINT('',(0.368437500000013,0.00268634815135047,0.00407267212794889));
#3998=CARTESIAN_POINT('',(0.368437500000011,0.00431913822108618,0.00768844224694707));
#3999=CARTESIAN_POINT('',(0.368437500043412,0.00414513871556142,0.00730312494979989));
#4000=CARTESIAN_POINT('',(0.368437500000013,0.00414513870350636,0.00730312494985753));
#4001=CARTESIAN_POINT('',(0.374570833333351,0.00414513870349682,0.00730312494983639));
#4002=CARTESIAN_POINT('',(0.380704166666689,0.00414513870348727,0.00730312494981525));
#4003=CARTESIAN_POINT('',(0.386837500000027,0.00414513870347773,0.00730312494979412));
#4004=CARTESIAN_POINT('',(0.386837500000019,0.00414513868724002,0.00730312488773955));
#4005=CARTESIAN_POINT('',(0.386837500000027,0.00431913822108618,0.00768844224694707));
#4006=CARTESIAN_POINT('',(0.386837500000019,0.00268634815135047,0.00407267212794889));
#4007=CARTESIAN_POINT('',(0.456312500000011,0.00268634815135047,0.00407267212794885));
#4008=CARTESIAN_POINT('',(0.387487500000014,0.00268634815135051,0.00407267212794894));
#4009=CARTESIAN_POINT('',(0.387487500000014,0.00431913822108618,0.00768844224694707));
#4010=CARTESIAN_POINT('',(0.387487500043395,0.00414513871561541,0.00730312494987303));
#4011=CARTESIAN_POINT('',(0.387487500000017,0.00414513870354539,0.00730312494994396));
#4012=CARTESIAN_POINT('',(0.393620833333353,0.00414513870352542,0.00730312494989973));
#4013=CARTESIAN_POINT('',(0.399754166666675,0.00414513870350545,0.0073031249498555));
#4014=CARTESIAN_POINT('',(0.405887500000005,0.00414513870348547,0.00730312494981127));
#4015=CARTESIAN_POINT('',(0.405887500000024,0.00414514012738625,0.00730312810300162));
#4016=CARTESIAN_POINT('',(0.405887500000005,0.00431913822108618,0.00768844224694707));
#4017=CARTESIAN_POINT('',(0.405887500000008,0.00268634815135071,0.00407267212794929));
#4018=CARTESIAN_POINT('',(0.456312500000011,0.00268634815135071,0.00407267212794938));
#4019=CARTESIAN_POINT('',(0.406537500000012,0.00268634815135071,0.00407267212794929));
#4020=CARTESIAN_POINT('',(0.406537500000013,0.00431913822108618,0.00768844224694707));
#4021=CARTESIAN_POINT('',(0.406537500043503,0.00414514015537353,0.00730312816497869));
#4022=CARTESIAN_POINT('',(0.406537500043503,0.00414513870344805,0.0073031249497284));
#4023=CARTESIAN_POINT('',(0.412670833362386,0.00414513870343831,0.00730312494970683));
#4024=CARTESIAN_POINT('',(0.418804166681268,0.00414513870342857,0.00730312494968526));
#4025=CARTESIAN_POINT('',(0.424937500000151,0.00414513870341883,0.00730312494966369));
#4026=CARTESIAN_POINT('',(0.424937500000015,0.00414513868717746,0.00730312488760937));
#4027=CARTESIAN_POINT('',(0.424937500000015,0.00251804628509126,0.00369997212794902));
#4028=CARTESIAN_POINT('',(0.406712500000016,0.0107500000000291,0.0133879740340523));
#4029=CARTESIAN_POINT('',(0.406712499956639,0.0107500000000291,0.00672645129512552));
#4030=CARTESIAN_POINT('',(0.406379166637768,0.0107500000000291,0.00672645129512547));
#4031=CARTESIAN_POINT('',(0.406045833318898,0.0107500000000291,0.00672645129512542));
#4032=CARTESIAN_POINT('',(0.405712500000027,0.0107500000000291,0.00672645129512537));
#4033=CARTESIAN_POINT('',(0.405712499999942,0.0107500000000291,0.00672645382314767));
#4034=CARTESIAN_POINT('',(0.406712499956638,0.0107500000000291,0.006726453899684));
#4035=CARTESIAN_POINT('',(0.405712500000027,0.0107500000000291,0.0133879740340523));
#4036=CARTESIAN_POINT('',(0.405712500000021,0.0107500000000291,0.000200000000005096));
#4037=CARTESIAN_POINT('',(0.397212500000016,0.0107500000000291,0.000200000000005097));
#4038=CARTESIAN_POINT('',(0.406712500000016,0.0107500000000309,0.000200000000005097));
#4039=CARTESIAN_POINT('',(0.406712500000016,0.0107500000000327,0.0133879740340523));
#4040=CARTESIAN_POINT('',(0.405712500000016,0.0067500000000291,0.0133879740340523));
#4041=CARTESIAN_POINT('',(0.406712500000009,0.0067500000000291,0.0133879740340523));
#4042=CARTESIAN_POINT('',(0.406712499999963,0.0067500000000291,0.00720637371907354));
#4043=CARTESIAN_POINT('',(0.406712500000012,0.0067500000000291,0.000200000000005097));
#4044=CARTESIAN_POINT('',(0.397212500000016,0.0067500000000291,0.000200000000005097));
#4045=CARTESIAN_POINT('',(0.405712500000016,0.00675000000002728,0.000200000000005097));
#4046=CARTESIAN_POINT('',(0.405712500000016,0.00675000000002547,0.0133879740340523));
#4047=CARTESIAN_POINT('',(0.405712500043329,0.00675000000002728,0.00720637380552991));
#4048=CARTESIAN_POINT('',(0.40571250004333,0.0067500000000291,0.00720637125321899));
#4049=CARTESIAN_POINT('',(0.406045833362207,0.0067500000000291,0.00720637125321841));
#4050=CARTESIAN_POINT('',(0.406379166681085,0.0067500000000291,0.00720637125321782));
#4051=CARTESIAN_POINT('',(0.406712499999963,0.0067500000000291,0.00720637125321723));
#4052=CARTESIAN_POINT('',(0.404212500000016,0.0092500000000291,0.0133879740340523));
#4053=CARTESIAN_POINT('',(0.404212499999972,0.00394808644270078,-0.0330562125249772));
#4054=CARTESIAN_POINT('',(0.404212500041618,0.00824999972271507,0.00707383015206215));
#4055=CARTESIAN_POINT('',(0.404212500041601,0.0092500000000291,0.00695399237027898));
#4056=CARTESIAN_POINT('',(0.404212500000016,0.00824999944540105,0.0133879740340523));
#4057=CARTESIAN_POINT('',(0.404212500000016,0.00824999972271507,0.000200000000005097));
#4058=CARTESIAN_POINT('',(0.404212500000016,0.0177420275090262,0.000200000000005095));
#4059=CARTESIAN_POINT('',(0.40421250000001,0.0092500000000291,0.000200000000005097));
#4060=CARTESIAN_POINT('',(0.4042125,0.0092500000000291,0.0133879740340523));
#4061=CARTESIAN_POINT('',(0.406712500000016,0.0082500000000291,0.0133879740340523));
#4062=CARTESIAN_POINT('',(0.40821250000003,0.0082500000000291,0.0133879740340523));
#4063=CARTESIAN_POINT('',(0.408212499999972,0.0082500000000291,0.00707383012232997));
#4064=CARTESIAN_POINT('',(0.408212500000023,0.0082500000000291,0.000200000000005098));
#4065=CARTESIAN_POINT('',(0.397212500000016,0.0082500000000291,0.000200000000005097));
#4066=CARTESIAN_POINT('',(0.406712500000016,0.00825000000002728,0.000200000000005097));
#4067=CARTESIAN_POINT('',(0.406712500000016,0.00825000000002547,0.0133879740340523));
#4068=CARTESIAN_POINT('',(0.406712500000952,0.00825000000002728,0.00707383012233178));
#4069=CARTESIAN_POINT('',(0.408212499916696,0.0082500000000291,0.00707383012232997));
#4070=CARTESIAN_POINT('',(0.407712499945136,0.0082500000000291,0.00707383012233051));
#4071=CARTESIAN_POINT('',(0.407212499973577,0.0082500000000291,0.00707383012233104));
#4072=CARTESIAN_POINT('',(0.406712500002017,0.0082500000000291,0.00707383012233158));
#4073=CARTESIAN_POINT('',(0.406212500000016,0.0087500000000291,0.0133879740340523));
#4074=CARTESIAN_POINT('',(0.406212500000016,0.0087500000000291,0.000200000000005089));
#4075=CARTESIAN_POINT('',(0.406212500000016,0.0117500000000291,0.000200000000005089));
#4076=CARTESIAN_POINT('',(0.406212500000016,0.0117500000000291,0.0133879740340523));
#4077=CARTESIAN_POINT('',(0.406212500000016,0.0117500000000291,0.00407267212794902));
#4078=CARTESIAN_POINT('',(0.406212500000016,0.0087500000000291,0.00407267212794902));
#4079=CARTESIAN_POINT('',(0.406537500000015,0.0117323438769153,0.00407267212794902));
#4080=CARTESIAN_POINT('',(0.406537500000016,0.0117323438769152,0.0133879740340523));
#4081=CARTESIAN_POINT('',(0.406537503617048,0.0117323434827383,0.00654561849629719));
#4082=CARTESIAN_POINT('',(0.409194843079265,0.00907500731893192,0.0069768782318151));
#4083=CARTESIAN_POINT('',(0.409120951700974,0.0097530518670001,0.0068898995513112));
#4084=CARTESIAN_POINT('',(0.408504640369187,0.011029148001255,0.00668689672990969));
#4085=CARTESIAN_POINT('',(0.407221105496769,0.0116578465017992,0.0065602699352263));
#4086=CARTESIAN_POINT('',(0.406537507234265,0.0117323430885562,0.0065456185738216));
#4087=CARTESIAN_POINT('',(0.409194843521312,0.00907500365948191,0.00697687870129658));
#4088=CARTESIAN_POINT('',(0.409194843876901,0.00907500000002212,0.00369997212794902));
#4089=CARTESIAN_POINT('',(0.409194843876892,0.00842500000001626,0.00632267212794902));
#4090=CARTESIAN_POINT('',(0.409194843917452,0.0084250003721769,0.00705471476408729));
#4091=CARTESIAN_POINT('',(0.406537500041406,0.00576765612765349,0.00726263653510286));
#4092=CARTESIAN_POINT('',(0.40721811747007,0.00584182621063272,0.00725929221121108));
#4093=CARTESIAN_POINT('',(0.408502665903142,0.00646680799891904,0.00723413499670134));
#4094=CARTESIAN_POINT('',(0.409121132110765,0.00774858663438693,0.00713018408034124));
#4095=CARTESIAN_POINT('',(0.409194843958013,0.00842500074433756,0.00705471803038484));
#4096=CARTESIAN_POINT('',(0.406537499999922,0.00576765612314174,0.00726263653530629));
#4097=CARTESIAN_POINT('',(0.406537500000011,0.00576765612314245,0.0133879740340523));
#4098=CARTESIAN_POINT('',(0.406537500000011,0.00576765612314253,0.00407267212794902));
#4099=CARTESIAN_POINT('',(0.406212500000016,0.0087500000000291,0.00407267212794902));
#4100=CARTESIAN_POINT('',(0.405887500480151,0.00576765655380482,0.00407267212794902));
#4101=CARTESIAN_POINT('',(0.405887500960293,0.00576765698446597,0.00726264416905132));
#4102=CARTESIAN_POINT('',(0.405887499862298,0.0057676565688041,0.00726263651521273));
#4103=CARTESIAN_POINT('',(0.403230156042007,0.00842500074445194,0.00705471803037752));
#4104=CARTESIAN_POINT('',(0.403303867945526,0.00774858611789538,0.00713018413797477));
#4105=CARTESIAN_POINT('',(0.403922994063995,0.00646614637194637,0.00723417903479593));
#4106=CARTESIAN_POINT('',(0.40520688368765,0.00584182613848648,0.00725929221442193));
#4107=CARTESIAN_POINT('',(0.40588749972473,0.00576765615314222,0.0072626365339549));
#4108=CARTESIAN_POINT('',(0.403230156123132,0.00842500000001209,0.00705471472246752));
#4109=CARTESIAN_POINT('',(0.403230156123132,0.00842500000001209,0.0133879740340523));
#4110=CARTESIAN_POINT('',(0.403230156123132,0.00842500000001538,0.00407267212794902));
#4111=CARTESIAN_POINT('',(0.406212500000016,0.0087500000000291,0.00407267212794902));
#4112=CARTESIAN_POINT('',(0.40323015612313,0.00907500000002787,0.00407267212794902));
#4113=CARTESIAN_POINT('',(0.40323015612313,0.00907500000002591,0.0133879740340523));
#4114=CARTESIAN_POINT('',(0.403230156478748,0.00907500365966953,0.00697687870127687));
#4115=CARTESIAN_POINT('',(0.405887492765996,0.0117323430880797,0.0065456185734069));
#4116=CARTESIAN_POINT('',(0.405203890791348,0.0116578460968244,0.00656027001436301));
#4117=CARTESIAN_POINT('',(0.403919592382139,0.0110283706362932,0.00668703182726775));
#4118=CARTESIAN_POINT('',(0.403304049621532,0.00975306400201392,0.00688989799469502));
#4119=CARTESIAN_POINT('',(0.403230156920756,0.00907500731931537,0.00697687823182256));
#4120=CARTESIAN_POINT('',(0.405887500000061,0.0117323058292614,0.00654576665561175));
#4121=CARTESIAN_POINT('',(0.405887500000061,0.0117323438769201,0.0133879740340523));
#4122=CARTESIAN_POINT('',(0.405887500000036,0.0117323438769173,0.00407267212794901));
#4123=CARTESIAN_POINT('',(0.406212500000016,0.0087500000000291,0.00407267212794901));
#4124=CARTESIAN_POINT('',(0.349562500000015,0.0067500000000291,0.0133879740340523));
#4125=CARTESIAN_POINT('',(0.349562499999967,0.00394808644148107,-0.0330562125247401));
#4126=CARTESIAN_POINT('',(0.349562499956581,0.0067500000000291,0.00720637380564203));
#4127=CARTESIAN_POINT('',(0.349562500000942,0.0082500000000291,0.00707383012239769));
#4128=CARTESIAN_POINT('',(0.349562500000015,0.0082500000000291,0.0133879740340523));
#4129=CARTESIAN_POINT('',(0.349562500000015,0.0082500000000291,0.000200000000005097));
#4130=CARTESIAN_POINT('',(0.349562500000015,0.0177420275090262,0.000200000000005095));
#4131=CARTESIAN_POINT('',(0.349562500000016,0.0067500000000291,0.000200000000005097));
#4132=CARTESIAN_POINT('',(0.349562500000018,0.0067500000000291,0.0133879740340523));
#4133=CARTESIAN_POINT('',(0.349062500000122,0.00394808644147016,-0.0330562125247384));
#4134=CARTESIAN_POINT('',(0.348562500000024,0.0067500000000291,0.00720637125333313));
#4135=CARTESIAN_POINT('',(0.348895833318876,0.0067500000000291,0.00720637125333252));
#4136=CARTESIAN_POINT('',(0.349229166637725,0.0067500000000291,0.00720637125333192));
#4137=CARTESIAN_POINT('',(0.349562499956581,0.0067500000000291,0.00720637125333131));
#4138=CARTESIAN_POINT('',(0.348562500000015,0.00675000000003456,0.00720637371912773));
#4139=CARTESIAN_POINT('',(0.348562499999934,0.00394808644145924,-0.0330562125247366));
#4140=CARTESIAN_POINT('',(0.348562499994786,0.0082500000000291,0.0070738301223989));
#4141=CARTESIAN_POINT('',(0.348562499989732,0.0082500000000291,0.0070738301223989));
#4142=CARTESIAN_POINT('',(0.348062500020936,0.0082500000000291,0.0070738301223995));
#4143=CARTESIAN_POINT('',(0.347562500052141,0.0082500000000291,0.00707383012240011));
#4144=CARTESIAN_POINT('',(0.347062500083346,0.0082500000000291,0.00707383012240071));
#4145=CARTESIAN_POINT('',(0.347062499999944,0.00824999972271689,0.00707383015212839));
#4146=CARTESIAN_POINT('',(0.347062499999967,0.00394808644142651,-0.0330562125247313));
#4147=CARTESIAN_POINT('',(0.347062500041593,0.0092500000000291,0.00695399237031302));
#4148=CARTESIAN_POINT('',(0.347062500083335,0.0092500000000291,0.00695399237031302));
#4149=CARTESIAN_POINT('',(0.347562500054229,0.0092500000000291,0.00695399237031269));
#4150=CARTESIAN_POINT('',(0.348062500025123,0.0092500000000291,0.00695399237031237));
#4151=CARTESIAN_POINT('',(0.348562499996018,0.0092500000000291,0.00695399237031204));
#4152=CARTESIAN_POINT('',(0.348562499999944,0.00925000000002728,0.00695399237031228));
#4153=CARTESIAN_POINT('',(0.348562499999989,0.00394808644145924,-0.0330562125247366));
#4154=CARTESIAN_POINT('',(0.348562499999929,0.0107500000000291,0.00672645382313255));
#4155=CARTESIAN_POINT('',(0.349562499999945,0.0107500000000291,0.00672645129510992));
#4156=CARTESIAN_POINT('',(0.349229166666636,0.0107500000000291,0.00672645129510985));
#4157=CARTESIAN_POINT('',(0.348895833333327,0.0107500000000291,0.00672645129510978));
#4158=CARTESIAN_POINT('',(0.348562500000018,0.0107500000000291,0.00672645129510971));
#4159=CARTESIAN_POINT('',(0.349562499999945,0.0107500000000218,0.00672645382326109));
#4160=CARTESIAN_POINT('',(0.349562500000022,0.00394808644148107,-0.0330562125247401));
#4161=CARTESIAN_POINT('',(0.349562500001963,0.0092500000000291,0.00695399237031138));
#4162=CARTESIAN_POINT('',(0.349562500004019,0.0092500000000291,0.00695399237031138));
#4163=CARTESIAN_POINT('',(0.350062499974907,0.0092500000000291,0.00695399237031105));
#4164=CARTESIAN_POINT('',(0.350562499945794,0.0092500000000291,0.00695399237031072));
#4165=CARTESIAN_POINT('',(0.351062499916682,0.0092500000000291,0.00695399237031039));
#4166=CARTESIAN_POINT('',(0.351062499999944,0.00924999963493428,0.00695399241869059));
#4167=CARTESIAN_POINT('',(0.351062499999989,0.0039480864415138,-0.0330562125247454));
#4168=CARTESIAN_POINT('',(0.351062499958295,0.0082500000000291,0.00707383012239588));
#4169=CARTESIAN_POINT('',(0.351062499916695,0.0082500000000291,0.00707383012239588));
#4170=CARTESIAN_POINT('',(0.350562499945134,0.0082500000000291,0.00707383012239648));
#4171=CARTESIAN_POINT('',(0.350062499973572,0.0082500000000291,0.00707383012239709));
#4172=CARTESIAN_POINT('',(0.349562500002011,0.0082500000000291,0.00707383012239769));
#4173=CARTESIAN_POINT('',(0.347062500000015,0.0092500000000291,0.0133879740340523));
#4174=CARTESIAN_POINT('',(0.347062500000015,0.00824999944540468,0.0133879740340523));
#4175=CARTESIAN_POINT('',(0.347062500000015,0.00824999972271689,0.000200000000005097));
#4176=CARTESIAN_POINT('',(0.347062500000015,0.0177420275090262,0.000200000000005095));
#4177=CARTESIAN_POINT('',(0.347062500000007,0.0092500000000291,0.000200000000005097));
#4178=CARTESIAN_POINT('',(0.3470625,0.0092500000000291,0.0133879740340523));
#4179=CARTESIAN_POINT('',(0.348562500000015,0.0082500000000291,0.0133879740340523));
#4180=CARTESIAN_POINT('',(0.348562500000015,0.00675000000004002,0.0133879740340523));
#4181=CARTESIAN_POINT('',(0.348562500000015,0.00675000000003456,0.000200000000005097));
#4182=CARTESIAN_POINT('',(0.348562500000015,0.0177420275090262,0.000200000000005095));
#4183=CARTESIAN_POINT('',(0.348562500000014,0.0082500000000291,0.000200000000005097));
#4184=CARTESIAN_POINT('',(0.348562500000013,0.0082500000000291,0.0133879740340523));
#4185=CARTESIAN_POINT('',(0.340062500000015,0.0177420275090262,0.000200000000005095));
#4186=CARTESIAN_POINT('',(0.349062500000015,0.0087500000000291,0.000200000000005089));
#4187=CARTESIAN_POINT('',(0.349062500000015,0.0117500000000291,0.000200000000005089));
#4188=CARTESIAN_POINT('',(0.351062500000015,0.0177420275090262,0.000200000000005095));
#4189=CARTESIAN_POINT('',(0.351062500000022,0.0082500000000291,0.000200000000005097));
#4190=CARTESIAN_POINT('',(0.351062500000015,0.00924999963493428,0.000200000000005097));
#4191=CARTESIAN_POINT('',(0.340062500000015,0.0092500000000291,0.000200000000005097));
#4192=CARTESIAN_POINT('',(0.34956250000002,0.0092500000000291,0.000200000000005097));
#4193=CARTESIAN_POINT('',(0.349562500000015,0.0177420275090262,0.000200000000005095));
#4194=CARTESIAN_POINT('',(0.349562500000015,0.0107500000000255,0.000200000000005097));
#4195=CARTESIAN_POINT('',(0.340062500000015,0.0107500000000291,0.000200000000005097));
#4196=CARTESIAN_POINT('',(0.348562500000016,0.0107500000000291,0.000200000000005096));
#4197=CARTESIAN_POINT('',(0.348562500000015,0.0177420275090262,0.000200000000005095));
#4198=CARTESIAN_POINT('',(0.348562500000015,0.00925000000002728,0.000200000000005097));
#4199=CARTESIAN_POINT('',(0.340062500000015,0.0092500000000291,0.000200000000005097));
#4200=CARTESIAN_POINT('',(0.340062500000015,0.0082500000000291,0.000200000000005097));
#4201=CARTESIAN_POINT('',(0.340062500000015,0.0067500000000291,0.000200000000005097));
#4202=CARTESIAN_POINT('',(0.340062500000015,0.0082500000000291,0.000200000000005097));
#4203=CARTESIAN_POINT('',(0.351062500000015,0.0082500000000291,0.0133879740340523));
#4204=CARTESIAN_POINT('',(0.351062500000015,0.00924999926983946,0.0133879740340523));
#4205=CARTESIAN_POINT('',(0.351062500000029,0.0082500000000291,0.0133879740340523));
#4206=CARTESIAN_POINT('',(0.348562500000015,0.0067500000000291,0.0133879740340523));
#4207=CARTESIAN_POINT('',(0.349062500000015,0.0087500000000291,0.0133879740340523));
#4208=CARTESIAN_POINT('',(0.349062500000015,0.0117500000000291,0.0133879740340523));
#4209=CARTESIAN_POINT('',(0.349062500000015,0.0117500000000291,0.00407267212794902));
#4210=CARTESIAN_POINT('',(0.349062500000015,0.0087500000000291,0.00407267212794902));
#4211=CARTESIAN_POINT('',(0.349387500000015,0.0117323438769152,0.00407267212794902));
#4212=CARTESIAN_POINT('',(0.349387500000014,0.0117323438769153,0.0133879740340523));
#4213=CARTESIAN_POINT('',(0.349387503617046,0.0117323434827383,0.0065456184962479));
#4214=CARTESIAN_POINT('',(0.352044843079264,0.00907500731893516,0.0069768782318537));
#4215=CARTESIAN_POINT('',(0.351970951700972,0.00975305186700148,0.0068898995513278));
#4216=CARTESIAN_POINT('',(0.351354640369187,0.0110291480012518,0.0066868967298848));
#4217=CARTESIAN_POINT('',(0.35007110549677,0.0116578465017986,0.00656026993517967));
#4218=CARTESIAN_POINT('',(0.349387507234265,0.0117323430885561,0.00654561857377234));
#4219=CARTESIAN_POINT('',(0.352044843521298,0.00907500365949434,0.00697687870133399));
#4220=CARTESIAN_POINT('',(0.352044843876898,0.0090750000000587,0.0133879740340523));
#4221=CARTESIAN_POINT('',(0.352044843876898,0.00907500000005519,0.004072672127949));
#4222=CARTESIAN_POINT('',(0.349062500000015,0.0087500000000291,0.004072672127949));
#4223=CARTESIAN_POINT('',(0.352044843876902,0.00842500000003948,0.004072672127949));
#4224=CARTESIAN_POINT('',(0.352044843876902,0.0084250000000396,0.0133879740340523));
#4225=CARTESIAN_POINT('',(0.35204484396065,0.00842500037219723,0.00705471476413522));
#4226=CARTESIAN_POINT('',(0.349387500041408,0.00576765612765373,0.007262636535248));
#4227=CARTESIAN_POINT('',(0.350068117472078,0.00584182621085211,0.00725929221134398));
#4228=CARTESIAN_POINT('',(0.351352665910781,0.00646680800835255,0.00723413499614937));
#4229=CARTESIAN_POINT('',(0.351971132110552,0.00774858663241326,0.00713018408064366));
#4230=CARTESIAN_POINT('',(0.352044843958013,0.00842500074435511,0.0070547180304429));
#4231=CARTESIAN_POINT('',(0.349387499999924,0.00576765612314212,0.00726263653545143));
#4232=CARTESIAN_POINT('',(0.349387500000013,0.00576765612314278,0.0133879740340523));
#4233=CARTESIAN_POINT('',(0.349387500000014,0.0057676561231429,0.00407267212794902));
#4234=CARTESIAN_POINT('',(0.349062500000015,0.0087500000000291,0.00407267212794902));
#4235=CARTESIAN_POINT('',(0.348737500000014,0.00576765612314311,0.00407267212794902));
#4236=CARTESIAN_POINT('',(0.348737500000014,0.0057676561231431,0.0133879740340523));
#4237=CARTESIAN_POINT('',(0.348737499979242,0.00576765612539883,0.0072626365353512));
#4238=CARTESIAN_POINT('',(0.346080156042012,0.00842500074439371,0.00705471803044544));
#4239=CARTESIAN_POINT('',(0.346153867944232,0.00774858612987618,0.00713018413672));
#4240=CARTESIAN_POINT('',(0.34677299433802,0.0064661460118418,0.00723417906000022));
#4241=CARTESIAN_POINT('',(0.348056883927818,0.00584182605830396,0.00725929221822736));
#4242=CARTESIAN_POINT('',(0.348737499958615,0.00576765612765456,0.00726263653524949));
#4243=CARTESIAN_POINT('',(0.346080156079934,0.00842500000004237,0.00705471811349109));
#4244=CARTESIAN_POINT('',(0.346080156123128,0.00842500000004298,0.0133879740340523));
#4245=CARTESIAN_POINT('',(0.346080156123128,0.00842500000004237,0.00407267212794902));
#4246=CARTESIAN_POINT('',(0.349062500000015,0.0087500000000291,0.00407267212794902));
#4247=CARTESIAN_POINT('',(0.346080156123131,0.00907500000004705,0.00407267212794902));
#4248=CARTESIAN_POINT('',(0.346080156123131,0.00907500000004803,0.0133879740340523));
#4249=CARTESIAN_POINT('',(0.346080156478735,0.00907500365954886,0.00697687870133191));
#4250=CARTESIAN_POINT('',(0.348737492765997,0.01173234308808,0.00654561857335797));
#4251=CARTESIAN_POINT('',(0.348053890791302,0.01165784609682,0.00656027001431763));
#4252=CARTESIAN_POINT('',(0.346769592382008,0.0110283706362055,0.00668703182726088));
#4253=CARTESIAN_POINT('',(0.346154049621447,0.00975306400180199,0.0068898979947442));
#4254=CARTESIAN_POINT('',(0.346080156920726,0.00907500731905165,0.00697687823189595));
#4255=CARTESIAN_POINT('',(0.348737500000064,0.0117323058292458,0.00654576665556757));
#4256=CARTESIAN_POINT('',(0.348737500000064,0.0117323438769206,0.0133879740340523));
#4257=CARTESIAN_POINT('',(0.348737500000039,0.0117323438769178,0.00407267212794902));
#4258=CARTESIAN_POINT('',(0.349062500000015,0.0087500000000291,0.00407267212794902));
#4259=CARTESIAN_POINT('',(0.349562500000015,0.0107500000000291,0.0133879740340523));
#4260=CARTESIAN_POINT('',(0.348562500000018,0.0107500000000291,0.0133879740340523));
#4261=CARTESIAN_POINT('',(0.349562500000015,0.0107500000000218,0.0133879740340523));
#4262=CARTESIAN_POINT('',(0.406212500000009,0.00907500000001892,0.00407267212794902));
#4263=CARTESIAN_POINT('',(0.405887500000011,0.00907500000001892,0.00407267212794902));
#4264=CARTESIAN_POINT('',(0.406537500000013,0.00875000000001455,0.00407267212794902));
#4265=CARTESIAN_POINT('',(0.405887500000006,-0.00712499999998544,0.00772892212794901));
#4266=CARTESIAN_POINT('',(0.405887500000153,0.00393178455577923,-0.0331172475217419));
#4267=CARTESIAN_POINT('',(0.406537500000013,0.00875000000001455,0.00632267212794902));
#4268=CARTESIAN_POINT('',(0.406537500000048,0.00393178455579446,-0.033117247521762));
#4269=CARTESIAN_POINT('',(0.39668749999992,0.00393178455557183,-0.0331172475217092));
#4270=CARTESIAN_POINT('',(0.403230156036741,0.00907500000002369,0.00697687917073119));
#4271=CARTESIAN_POINT('',(0.397982604053419,0.00907500000002574,0.00697687917073437));
#4272=CARTESIAN_POINT('',(0.392735052070096,0.00907500000002779,0.00697687917073754));
#4273=CARTESIAN_POINT('',(0.387487500086774,0.00907500000002985,0.00697687917074072));
#4274=CARTESIAN_POINT('',(0.387487500043394,0.00907500000002985,0.00697687917074072));
#4275=CARTESIAN_POINT('',(0.387487499999987,0.00393178455536445,-0.0331172475216766));
#4276=CARTESIAN_POINT('',(0.406212500000009,0.00842500000001746,0.00632267212794902));
#4277=CARTESIAN_POINT('',(0.345091757011506,0.00842500132190117,0.00705471929607565));
#4278=CARTESIAN_POINT('',(0.345421223353252,0.00842500132190104,0.00705471929607533));
#4279=CARTESIAN_POINT('',(0.345750689694995,0.0084250000000419,0.00705471811349149));
#4280=CARTESIAN_POINT('',(0.346080156036741,0.00842500000004177,0.00705471811349117));
#4281=CARTESIAN_POINT('',(0.345091757011506,0.00842499995228118,0.00705472082699885));
#4282=CARTESIAN_POINT('',(0.343897292462258,0.00842500000004265,0.00407268956113889));
#4283=CARTESIAN_POINT('',(0.344301963406078,0.00842500000004249,0.00506408994577166));
#4284=CARTESIAN_POINT('',(0.344700659655349,0.00842500000004232,0.00605788363866518));
#4285=CARTESIAN_POINT('',(0.345091808969903,0.00842500000004216,0.00705470043860746));
#4286=CARTESIAN_POINT('',(0.343897271587851,0.00842502203923946,0.00407269808167785));
#4287=CARTESIAN_POINT('',(0.406212500000008,0.00842500000001746,0.00407267212794902));
#4288=CARTESIAN_POINT('',(0.353492113776844,0.00907500000004317,-0.0130148273720376));
#4289=CARTESIAN_POINT('',(0.406212500000009,0.00907500000002252,0.00407267212794902));
#4290=CARTESIAN_POINT('',(0.343921107581342,0.00907502307228669,0.00407270023751999));
#4291=CARTESIAN_POINT('',(0.345102944161434,0.00907500000004641,0.00697680733094303));
#4292=CARTESIAN_POINT('',(0.344715346245256,0.00907500000004656,0.00600618845508729));
#4293=CARTESIAN_POINT('',(0.344320924635333,0.00907500000004676,0.00503834644496993));
#4294=CARTESIAN_POINT('',(0.343921129578377,0.00907500000004692,0.00407269113043437));
#4295=CARTESIAN_POINT('',(0.345102885684048,0.00907500169939982,0.00697683068275874));
#4296=CARTESIAN_POINT('',(0.346080156036744,0.00907500000004607,0.00697687917076787));
#4297=CARTESIAN_POINT('',(0.345754399252512,0.0090750000000462,0.00697687917076803));
#4298=CARTESIAN_POINT('',(0.34542864246828,0.00907500000004633,0.00697687917076818));
#4299=CARTESIAN_POINT('',(0.345102885684048,0.00907500000004646,0.00697687917076834));
#4300=CARTESIAN_POINT('',(0.406212500000009,0.00907500000001892,0.00407267212794902));
#4301=CARTESIAN_POINT('',(0.343921122549276,0.00907502251505322,0.00407267212794902));
#4302=CARTESIAN_POINT('',(0.343913056529788,0.0088583599352771,0.00407267212794902));
#4303=CARTESIAN_POINT('',(0.343905113072158,0.00864169286099,0.00407267212794902));
#4304=CARTESIAN_POINT('',(0.343897286123525,0.00842502151415864,0.00407267212794902));
#4305=CARTESIAN_POINT('',(0.346815965991242,0.00393178455445037,-0.033117247521502));
#4306=CARTESIAN_POINT('',(0.344894463580446,0.0162759998848312,0.0053744659790985));
#4307=CARTESIAN_POINT('',(0.345092271548903,0.013934698434423,0.00612531665912427));
#4308=CARTESIAN_POINT('',(0.345137450618939,0.0115211385236863,0.00666309172013264));
#4309=CARTESIAN_POINT('',(0.345102972942028,0.00907500658120116,0.00697687832654697));
#4310=CARTESIAN_POINT('',(0.348737500000131,0.00393178455448609,-0.0331172475215076));
#4311=CARTESIAN_POINT('',(0.345159088443971,0.00420051976270565,0.00793144965683014));
#4312=CARTESIAN_POINT('',(0.345150939106366,0.00419137461308478,0.00790972926399695));
#4313=CARTESIAN_POINT('',(0.345142789768761,0.00418222946346391,0.00788800887116377));
#4314=CARTESIAN_POINT('',(0.345134640431155,0.00417308431384304,0.00786628847833058));
#4315=CARTESIAN_POINT('',(0.344150196207455,0.003068345480401,0.00524245372053978));
#4316=CARTESIAN_POINT('',(0.343165441191731,0.0019590476387627,0.0026206988277948));
#4317=CARTESIAN_POINT('',(0.342180760094059,0.000847232723928755,3.00381941542582E-15));
#4318=CARTESIAN_POINT('',(0.345148444497232,0.00826788656149582,0.00722428026027959));
#4319=CARTESIAN_POINT('',(0.34514029957962,0.00826212929505054,0.0072043480189655));
#4320=CARTESIAN_POINT('',(0.345132154662009,0.00825637202860525,0.00718441577765142));
#4321=CARTESIAN_POINT('',(0.345124009744396,0.00825061476215997,0.00716448353633734));
#4322=CARTESIAN_POINT('',(0.344140099458156,0.00755513397942202,0.00475665841262861));
#4323=CARTESIAN_POINT('',(0.343155587129815,0.00685418692959638,0.00235072625778281));
#4324=CARTESIAN_POINT('',(0.342171221914356,0.00615038860392087,-5.42334555547357E-5));
#4325=CARTESIAN_POINT('',(0.345134407578772,0.0123340987802826,0.006510171300395));
#4326=CARTESIAN_POINT('',(0.345126268549921,0.012331734327073,0.00649203348223635));
#4327=CARTESIAN_POINT('',(0.34511812952107,0.0123293698738635,0.00647389566407771));
#4328=CARTESIAN_POINT('',(0.345109990492218,0.0123270054206539,0.00645575784591907));
#4329=CARTESIAN_POINT('',(0.344126791571346,0.0120413782424531,0.00426469997322631));
#4330=CARTESIAN_POINT('',(0.343142802131147,0.0117490955870359,0.00207527688134876));
#4331=CARTESIAN_POINT('',(0.342158935591768,0.0114535175840574,-0.000113422002339953));
#4332=CARTESIAN_POINT('',(0.345107928171667,0.0163978465121872,0.00578124997538228));
#4333=CARTESIAN_POINT('',(0.345099815300927,0.0163988868896128,0.00576492883020065));
#4334=CARTESIAN_POINT('',(0.345091702430186,0.0163999272670383,0.00574860768501901));
#4335=CARTESIAN_POINT('',(0.345083589559446,0.0164009676444638,0.00573228653983738));
#4336=CARTESIAN_POINT('',(0.344103550551952,0.0165266457788917,0.00376068370818444));
#4337=CARTESIAN_POINT('',(0.343121643184414,0.0166435874097275,0.00178959208760373));
#4338=CARTESIAN_POINT('',(0.34213935139008,0.0167565983226741,-0.000181496879941093));
#4339=CARTESIAN_POINT('',(0.345091815875191,0.00842499848828944,0.00705471828215502));
#4340=CARTESIAN_POINT('',(0.345063286494762,0.00700190867539935,0.00721348923408508));
#4341=CARTESIAN_POINT('',(0.345008567777587,0.00557536687392829,0.00729619999732432));
#4342=CARTESIAN_POINT('',(0.344934476809701,0.00414513890188702,0.00730313139355236));
#4343=CARTESIAN_POINT('',(0.348737500000014,0.00875000000001455,0.00632267212794902));
#4344=CARTESIAN_POINT('',(0.348737499999911,0.00394952635684745,-0.0330596648643168));
#4345=CARTESIAN_POINT('',(0.348737500000014,0.00875000000001455,0.00407267212794902));
#4346=CARTESIAN_POINT('',(0.406212500000009,0.00907500000001892,0.00407267212794902));
#4347=CARTESIAN_POINT('',(0.349387500000015,0.00875000000001455,0.00407267212794902));
#4348=CARTESIAN_POINT('',(0.349387500000015,0.00875000000001455,0.00632267212794902));
#4349=CARTESIAN_POINT('',(0.349387499999876,0.00394952635686412,-0.0330596648641529));
#4350=CARTESIAN_POINT('',(0.358587500000025,0.00394952635706722,-0.0330596648641856));
#4351=CARTESIAN_POINT('',(0.367787500000102,0.00842500000003299,0.00705471149781219));
#4352=CARTESIAN_POINT('',(0.362539947986951,0.00842500000003511,0.0070547114978173));
#4353=CARTESIAN_POINT('',(0.357292395973801,0.00842500000003723,0.00705471149782242));
#4354=CARTESIAN_POINT('',(0.35204484396065,0.00842500000003936,0.00705471149782753));
#4355=CARTESIAN_POINT('',(0.367787500000057,0.00842499996596868,0.0070547114230382));
#4356=CARTESIAN_POINT('',(0.367787500000013,0.00414513870350129,0.0073031249498604));
#4357=CARTESIAN_POINT('',(0.367787500000013,0.00556996607306792,0.0072962759208818));
#4358=CARTESIAN_POINT('',(0.367787500000013,0.00700063231024978,0.00721368205578928));
#4359=CARTESIAN_POINT('',(0.367787500000013,0.00842500000021028,0.00705471149779207));
#4360=CARTESIAN_POINT('',(0.34683598633133,0.00394952635680321,-0.03305966486431));
#4361=CARTESIAN_POINT('',(0.406212500000009,0.00907500000001892,0.00407267212794902));
#4362=CARTESIAN_POINT('',(0.349387500000015,0.00875000000001455,0.00407267212794902));
#4363=CARTESIAN_POINT('',(0.348737500000014,0.00875000000001455,0.00407267212794902));
#4364=CARTESIAN_POINT('',(0.348737500000014,0.00875000000001455,0.00632267212794902));
#4365=CARTESIAN_POINT('',(0.349387500000015,0.00875000000001455,0.00632267212794902));
#4366=CARTESIAN_POINT('',(0.34938750000005,0.00393178455449812,-0.0331172475215843));
#4367=CARTESIAN_POINT('',(0.406537500000013,0.00875000000001455,0.00632267212794902));
#4368=CARTESIAN_POINT('',(0.406537499999873,0.00394952635814028,-0.0330596648644144));
#4369=CARTESIAN_POINT('',(0.406537500000013,0.00875000000001455,0.00407267212794902));
#4370=CARTESIAN_POINT('',(0.405887500000006,-0.00712499999998544,0.00772892212794901));
#4371=CARTESIAN_POINT('',(0.40588750000001,0.00907500000001892,0.00407267212794902));
#4372=CARTESIAN_POINT('',(0.405887499999906,0.00394952635811885,-0.0330596648643659));
#4373=CARTESIAN_POINT('',(0.406212500000009,0.00907500000001892,0.00407267212794902));
#4374=CARTESIAN_POINT('',(0.415737499999935,0.00394952635834339,-0.0330596648644471));
#4375=CARTESIAN_POINT('',(0.424937500000102,0.00842500000000989,0.00705471149775387));
#4376=CARTESIAN_POINT('',(0.419689947972552,0.00842500000001201,0.00705471149776582));
#4377=CARTESIAN_POINT('',(0.414442395945002,0.00842500000001413,0.00705471149777778));
#4378=CARTESIAN_POINT('',(0.409194843917452,0.00842500000001625,0.00705471149778973));
#4379=CARTESIAN_POINT('',(0.424937500000059,0.00842499996594964,0.00705471142297934));
#4380=CARTESIAN_POINT('',(0.424937500000015,0.00414513870341398,0.00730312494966426));
#4381=CARTESIAN_POINT('',(0.424937500000015,0.00556996607300243,0.00729627592073367));
#4382=CARTESIAN_POINT('',(0.424937500000015,0.0070006323102134,0.00721368205568706));
#4383=CARTESIAN_POINT('',(0.424937500000015,0.00842500000019573,0.00705471149773314));
#4384=CARTESIAN_POINT('',(0.396687499999741,0.00394952635791575,-0.0330596648643332));
#4385=CARTESIAN_POINT('',(0.387487500000014,0.0084250000000211,0.00705471149779188));
#4386=CARTESIAN_POINT('',(0.387487500000014,0.00700063230984961,0.00721368205578439));
#4387=CARTESIAN_POINT('',(0.387487500000014,0.00556996607263136,0.00729627592084823));
#4388=CARTESIAN_POINT('',(0.387487500000014,0.0041451387033776,0.00730312494991896));
#4389=CARTESIAN_POINT('',(0.387487500043349,0.00842500000002503,0.0070547114190377));
#4390=CARTESIAN_POINT('',(0.40323015612313,0.00842500000001867,0.00705471149777643));
#4391=CARTESIAN_POINT('',(0.397982604082076,0.00842500000002079,0.00705471149778158));
#4392=CARTESIAN_POINT('',(0.392735052041023,0.00842500000002291,0.00705471149778673));
#4393=CARTESIAN_POINT('',(0.387487499999968,0.00842500000002503,0.00705471149779188));
#4394=CARTESIAN_POINT('',(0.387487500000014,0.00875000000001455,0.00632267212794902));
#4395=CARTESIAN_POINT('',(0.387487500000014,0.00907500000002985,0.00407267212794901));
#4396=CARTESIAN_POINT('',(0.387487500000014,0.00907500000002984,0.00407267212794902));
#4397=CARTESIAN_POINT('',(0.387487500000014,0.00875000000001455,0.00407267212794902));
#4398=CARTESIAN_POINT('',(0.386837500000012,0.00875000000001455,0.00632267212794902));
#4399=CARTESIAN_POINT('',(0.386837500000012,0.00414513870347582,0.00730312494979499));
#4400=CARTESIAN_POINT('',(0.386837500000012,0.00556996607306792,0.00729627592083179));
#4401=CARTESIAN_POINT('',(0.386837500000012,0.00700063231027889,0.00721368205575266));
#4402=CARTESIAN_POINT('',(0.386837500000012,0.00842500000022847,0.00705471149776987));
#4403=CARTESIAN_POINT('',(0.386837499956642,0.00842500000002529,0.00705471141921575));
#4404=CARTESIAN_POINT('',(0.386837500000012,0.00842500000002529,0.00632267212794902));
#4405=CARTESIAN_POINT('',(0.386837500000012,0.00842500000002529,0.00407267212794902));
#4406=CARTESIAN_POINT('',(0.386837500000012,0.00875000000001455,0.00407267212794902));
#4407=CARTESIAN_POINT('',(0.387487500000014,0.00875000000001455,0.00632267212794902));
#4408=CARTESIAN_POINT('',(0.387487500000014,0.00875000000001455,0.00407267212794902));
#4409=CARTESIAN_POINT('',(0.387487499999991,0.00842500000002503,0.00407267212794902));
#4410=CARTESIAN_POINT('',(0.387487499999969,0.00842500000002503,0.00632267212794902));
#4411=CARTESIAN_POINT('',(0.406212500000009,0.00842500000001746,0.00632267212794902));
#4412=CARTESIAN_POINT('',(0.386837500000023,0.00842500000002529,0.00705471149779298));
#4413=CARTESIAN_POINT('',(0.38070416666667,0.00842500000002777,0.00705471149780702));
#4414=CARTESIAN_POINT('',(0.374570833333318,0.00842500000003025,0.00705471149782106));
#4415=CARTESIAN_POINT('',(0.368437499999965,0.00842500000003273,0.0070547114978351));
#4416=CARTESIAN_POINT('',(0.36843749999999,0.00842499996589974,0.00705471142287107));
#4417=CARTESIAN_POINT('',(0.368437499999966,0.00842500000003273,0.00632267212794902));
#4418=CARTESIAN_POINT('',(0.36843749999999,0.00842500000003273,0.00407267212794902));
#4419=CARTESIAN_POINT('',(0.406212500000009,0.00842500000001746,0.00407267212794902));
#4420=CARTESIAN_POINT('',(0.368437500000015,0.00875000000001455,0.00632267212794902));
#4421=CARTESIAN_POINT('',(0.368437500000015,0.00875000000001455,0.00407267212794902));
#4422=CARTESIAN_POINT('',(0.368437500000015,0.00842500000003201,0.00705471149781199));
#4423=CARTESIAN_POINT('',(0.368437500000015,0.00700063230987143,0.00721368205581792));
#4424=CARTESIAN_POINT('',(0.368437500000015,0.00556996607266046,0.00729627592089705));
#4425=CARTESIAN_POINT('',(0.368437500000015,0.00414513870328665,0.0073031249498592));
#4426=CARTESIAN_POINT('',(0.406212500000009,0.00907500000001892,0.00407267212794902));
#4427=CARTESIAN_POINT('',(0.406212500000009,0.00842500000001746,0.00407267212794902));
#4428=CARTESIAN_POINT('',(0.367787500000013,0.00875000000001455,0.00407267212794902));
#4429=CARTESIAN_POINT('',(0.367787500000013,0.00842500000003299,0.00407267212794902));
#4430=CARTESIAN_POINT('',(0.406212500000009,0.00842500000001746,0.00407267212794902));
#4431=CARTESIAN_POINT('',(0.406212500000009,0.00907500000005167,0.00407267212794902));
#4432=CARTESIAN_POINT('',(0.367787500000013,0.00907500000004462,0.00407267212794902));
#4433=CARTESIAN_POINT('',(0.367787500000013,0.00875000000001455,0.00407267212794902));
#4434=CARTESIAN_POINT('',(0.368437500000015,0.00875000000001455,0.00407267212794902));
#4435=CARTESIAN_POINT('',(0.368437500000015,0.00907500000003357,0.00407267212794902));
#4436=CARTESIAN_POINT('',(0.406212500000009,0.00907500000002983,0.00407267212794902));
#4437=CARTESIAN_POINT('',(0.386837500000012,0.00907500000002997,0.00407267212794902));
#4438=CARTESIAN_POINT('',(0.386837500000012,0.00875000000001455,0.00407267212794902));
#4439=CARTESIAN_POINT('',(0.406212500000009,0.00907500000002983,0.00407267212794902));
#4440=CARTESIAN_POINT('',(0.368437500000015,0.00875000000001455,0.00632267212794902));
#4441=CARTESIAN_POINT('',(0.368437499999986,0.00393178455495151,-0.0331172475214497));
#4442=CARTESIAN_POINT('',(0.368437500043393,0.00907500000003732,0.00697687917075478));
#4443=CARTESIAN_POINT('',(0.368437500000015,0.00907500000003732,0.00407267212794902));
#4444=CARTESIAN_POINT('',(0.367787500000013,0.00875000000001455,0.00632267212794902));
#4445=CARTESIAN_POINT('',(0.367787500000154,0.00393178455491281,-0.0331172475216496));
#4446=CARTESIAN_POINT('',(0.367787499956757,0.00907500000003757,0.00697687917075372));
#4447=CARTESIAN_POINT('',(0.367787500000093,0.00907500000003757,0.00697682062103811));
#4448=CARTESIAN_POINT('',(0.353492113776844,0.00907500000004317,-0.0130148273720376));
#4449=CARTESIAN_POINT('',(0.386837499913334,0.00907500000003011,0.00697687917074255));
#4450=CARTESIAN_POINT('',(0.380704166637813,0.00907500000003251,0.00697687917074663));
#4451=CARTESIAN_POINT('',(0.374570833362292,0.00907500000003492,0.00697687917075071));
#4452=CARTESIAN_POINT('',(0.368437500086771,0.00907500000003732,0.00697687917075478));
#4453=CARTESIAN_POINT('',(0.386837499956755,0.00907500000003011,0.00697687917074255));
#4454=CARTESIAN_POINT('',(0.386837500000094,0.00907500000003011,0.00697682062102462));
#4455=CARTESIAN_POINT('',(0.353492113776844,0.00907500000004317,-0.0130148273720376));
#4456=CARTESIAN_POINT('',(0.367787499913334,0.00907500000003757,0.00697687917075373));
#4457=CARTESIAN_POINT('',(0.362539947929983,0.00907500000003963,0.00697687917075691));
#4458=CARTESIAN_POINT('',(0.357292395946632,0.00907500000004168,0.00697687917076008));
#4459=CARTESIAN_POINT('',(0.352044843963281,0.00907500000004374,0.00697687917076326));
#4460=CARTESIAN_POINT('',(0.386837500000012,0.00875000000001455,0.00632267212794902));
#4461=CARTESIAN_POINT('',(0.386837500000148,0.0039317845553578,-0.033117247521515));
#4462=CARTESIAN_POINT('',(0.353492113776844,0.00907500000004317,-0.0130148273720376));
#4463=CARTESIAN_POINT('',(0.406212500000009,0.00842500000001746,0.00632267212794902));
#4464=CARTESIAN_POINT('',(0.367787500000013,0.00842500000003299,0.00632267212794902));
#4465=CARTESIAN_POINT('',(0.367787500000013,0.00875000000001455,0.00632267212794902));
#4466=CARTESIAN_POINT('',(0.406212500000009,0.00842500000001746,0.00632267212794902));
#4467=CARTESIAN_POINT('',(0.377637500000015,0.00393178455515465,-0.0331172475214824));
#4468=CARTESIAN_POINT('',(0.358587499999994,0.00393178455470547,-0.0331172475216169));
#4469=CARTESIAN_POINT('',(0.377637499999914,0.00394952635748793,-0.033059664864397));
#4470=CARTESIAN_POINT('',(0.415737500000047,0.00393178455599395,-0.0331172475217935));
#4471=CARTESIAN_POINT('',(0.424937500000151,0.00393178455619343,-0.0331172475218248));
#4472=CARTESIAN_POINT('',(0.424937499956756,0.00907500000001552,0.00697687917071787));
#4473=CARTESIAN_POINT('',(0.409194843963307,0.00907500000003142,0.00697687917073521));
#4474=CARTESIAN_POINT('',(0.41444239594665,0.00907500000002922,0.00697687917073216));
#4475=CARTESIAN_POINT('',(0.419689947929992,0.00907500000001772,0.00697687917072092));
#4476=CARTESIAN_POINT('',(0.424937499913335,0.00907500000001552,0.00697687917071787));
#4477=CARTESIAN_POINT('',(0.408212500000016,0.0082500000000291,0.0133879740340523));
#4478=CARTESIAN_POINT('',(0.408212500000016,0.0082500000000291,0.000200000000005099));
#4479=CARTESIAN_POINT('',(0.408212500000016,0.00924999963493428,0.000200000000005098));
#4480=CARTESIAN_POINT('',(0.408212499999993,0.00394808644278059,-0.03305621252499));
#4481=CARTESIAN_POINT('',(0.408212499958349,0.00924999963493428,0.00695399241865687));
#4482=CARTESIAN_POINT('',(0.408212500000016,0.00924999926983946,0.0133879740340523));
#4483=CARTESIAN_POINT('',(0.406212500000272,0.00394808644274069,-0.0330562125249836));
#4484=CARTESIAN_POINT('',(0.406712499999972,0.00394808644275067,-0.0330562125249852));
#4485=CARTESIAN_POINT('',(0.405712499999943,0.00394808644273071,-0.033056212524982));
#4486=CARTESIAN_POINT('',(0.405712499999017,0.0082500000000291,0.00707383012233266));
#4487=CARTESIAN_POINT('',(0.405712499998018,0.0082500000000291,0.00707383012233266));
#4488=CARTESIAN_POINT('',(0.405212500026462,0.0082500000000291,0.0070738301223332));
#4489=CARTESIAN_POINT('',(0.404712500054905,0.0082500000000291,0.00707383012233374));
#4490=CARTESIAN_POINT('',(0.404212500083349,0.0082500000000291,0.00707383012233428));
#4491=CARTESIAN_POINT('',(0.404212500083337,0.0092500000000291,0.00695399237027898));
#4492=CARTESIAN_POINT('',(0.40471250005423,0.0092500000000291,0.00695399237027869));
#4493=CARTESIAN_POINT('',(0.405212500025124,0.0092500000000291,0.00695399237027841));
#4494=CARTESIAN_POINT('',(0.405712499996017,0.0092500000000291,0.00695399237027812));
#4495=CARTESIAN_POINT('',(0.405712499999952,0.00925000000002546,0.0069539923702786));
#4496=CARTESIAN_POINT('',(0.405712499999993,0.00394808644273071,-0.033056212524982));
#4497=CARTESIAN_POINT('',(0.406712500000023,0.00394808644275067,-0.0330562125249852));
#4498=CARTESIAN_POINT('',(0.406712500001969,0.0092500000000291,0.00695399237027754));
#4499=CARTESIAN_POINT('',(0.40671250000402,0.0092500000000291,0.00695399237027754));
#4500=CARTESIAN_POINT('',(0.407212499974907,0.0092500000000291,0.00695399237027725));
#4501=CARTESIAN_POINT('',(0.407712499945795,0.0092500000000291,0.00695399237027698));
#4502=CARTESIAN_POINT('',(0.408212499916682,0.0092500000000291,0.00695399237027669));
#4503=CARTESIAN_POINT('',(0.463362500000101,0.00394808644399899,-0.0330562125253677));
#4504=CARTESIAN_POINT('',(0.463862500000025,0.00394808644400895,-0.0330562125253693));
#4505=CARTESIAN_POINT('',(0.463862500002017,0.0082500000000291,0.00707383012226496));
#4506=CARTESIAN_POINT('',(0.464362499973577,0.0082500000000291,0.00707383012226442));
#4507=CARTESIAN_POINT('',(0.464862499945137,0.0082500000000291,0.00707383012226387));
#4508=CARTESIAN_POINT('',(0.465362499916697,0.0082500000000291,0.00707383012226333));
#4509=CARTESIAN_POINT('',(0.462862499999944,0.00394808644398903,-0.0330562125253661));
#4510=CARTESIAN_POINT('',(0.462862499994796,0.0082500000000291,0.00707383012226603));
#4511=CARTESIAN_POINT('',(0.461362500083347,0.0082500000000291,0.00707383012226764));
#4512=CARTESIAN_POINT('',(0.461862500052143,0.0082500000000291,0.0070738301222671));
#4513=CARTESIAN_POINT('',(0.462362500020938,0.0082500000000291,0.00707383012226657));
#4514=CARTESIAN_POINT('',(0.462862499989734,0.0082500000000291,0.00707383012226603));
#4515=CARTESIAN_POINT('',(0.434787499999906,0.00394952635876378,-0.0330596648646812));
#4516=CARTESIAN_POINT('',(0.425587500000016,0.00842500000001746,0.00705471149775269));
#4517=CARTESIAN_POINT('',(0.425587500000016,0.00700063230983505,0.00721368205571577));
#4518=CARTESIAN_POINT('',(0.425587500000016,0.0055699660725877,0.00729627592074887));
#4519=CARTESIAN_POINT('',(0.425587500000016,0.00414513870332303,0.00730312494978819));
#4520=CARTESIAN_POINT('',(0.425587500043374,0.00842500000000963,0.00705471141899905));
#4521=CARTESIAN_POINT('',(0.443987500000019,0.00842500000000219,0.00705471149773491));
#4522=CARTESIAN_POINT('',(0.43785416666668,0.00842500000000467,0.0070547114977411));
#4523=CARTESIAN_POINT('',(0.431720833333342,0.00842500000000715,0.00705471149774731));
#4524=CARTESIAN_POINT('',(0.425587500000003,0.00842500000000963,0.00705471149775351));
#4525=CARTESIAN_POINT('',(0.443987500000018,0.00842499996595663,0.0070547114229572));
#4526=CARTESIAN_POINT('',(0.443987500000017,0.00414513870338851,0.00730312494959884));
#4527=CARTESIAN_POINT('',(0.443987500000017,0.00556996607299516,0.00729627592068361));
#4528=CARTESIAN_POINT('',(0.443987500000017,0.00700063231024978,0.00721368205565051));
#4529=CARTESIAN_POINT('',(0.443987500000017,0.00842500000021755,0.00705471149771097));
#4530=CARTESIAN_POINT('',(0.434787499999986,0.00393178455640669,-0.0331172475219178));
#4531=CARTESIAN_POINT('',(0.425587499999989,0.00393178455619926,-0.0331172475218852));
#4532=CARTESIAN_POINT('',(0.425587500043395,0.00907500000001525,0.00697687917071544));
#4533=CARTESIAN_POINT('',(0.443987500000158,0.00393178455661411,-0.0331172475219505));
#4534=CARTESIAN_POINT('',(0.443987499956739,0.00907500000000753,0.00697687917070435));
#4535=CARTESIAN_POINT('',(0.425587500086772,0.00907500000002452,0.0069768791707236));
#4536=CARTESIAN_POINT('',(0.431720833362279,0.00907500000002195,0.00697687917071991));
#4537=CARTESIAN_POINT('',(0.437854166637785,0.0090750000000101,0.00697687917070804));
#4538=CARTESIAN_POINT('',(0.443987499913292,0.00907500000000753,0.00697687917070435));
#4539=CARTESIAN_POINT('',(0.465589013668497,0.00394952635945924,-0.0330596648645568));
#4540=CARTESIAN_POINT('',(0.466344843958014,0.00842500074433849,0.00705471803032401));
#4541=CARTESIAN_POINT('',(0.46627113205356,0.00774858610943656,0.00713018413882641));
#4542=CARTESIAN_POINT('',(0.465652005659694,0.00646614596595534,0.00723417906299521));
#4543=CARTESIAN_POINT('',(0.464368115904279,0.00584182599537503,0.00725929222081288));
#4544=CARTESIAN_POINT('',(0.463687499848159,0.0057676561065943,0.0072626365359071));
#4545=CARTESIAN_POINT('',(0.466344843920097,0.00842499999999315,0.007054718113369));
#4546=CARTESIAN_POINT('',(0.463687499924088,0.00576765611486811,0.00726263653553403));
#4547=CARTESIAN_POINT('',(0.467333243083878,0.00842500131570591,0.00705471929045328));
#4548=CARTESIAN_POINT('',(0.467003776710348,0.00842500131570604,0.0070547192904536));
#4549=CARTESIAN_POINT('',(0.46667431033682,0.00842499999999302,0.00705471811336869));
#4550=CARTESIAN_POINT('',(0.46634484396329,0.00842499999999315,0.00705471811336901));
#4551=CARTESIAN_POINT('',(0.467333243083878,0.00842499995011934,0.00705472081686802));
#4552=CARTESIAN_POINT('',(0.467333184307351,0.0084249984889833,0.00705471828194803));
#4553=CARTESIAN_POINT('',(0.467361713658728,0.00700190865320121,0.00721348923635935));
#4554=CARTESIAN_POINT('',(0.467416432321365,0.00557536688774864,0.00729619999733423));
#4555=CARTESIAN_POINT('',(0.467490523241174,0.00414513889057411,0.00730313139318546));
#4556=CARTESIAN_POINT('',(0.463687499999877,0.00394952635941502,-0.0330596648645499));
#4557=CARTESIAN_POINT('',(0.348562500000015,0.0107500000000291,0.0133879740340523));
#4558=CARTESIAN_POINT('',(0.348562500000015,0.00925000000002547,0.0133879740340523));
#4559=CARTESIAN_POINT('',(0.348562500000015,0.0092500000000291,0.0133879740340523));
#4560=CARTESIAN_POINT('',(0.349562500000015,0.0092500000000291,0.0133879740340523));
#4561=CARTESIAN_POINT('',(0.349562500000025,0.0092500000000291,0.0133879740340523));
#4562=CARTESIAN_POINT('',(0.351062500000015,0.0092500000000291,0.0133879740340523));
#4563=CARTESIAN_POINT('',(0.347062500000015,0.0082500000000291,0.0133879740340523));
#4564=CARTESIAN_POINT('',(0.347062500000015,0.0082500000000291,0.0133879740340523));
#4565=CARTESIAN_POINT('',(0.397212500000016,0.0177420275090262,0.000200000000005095));
#4566=CARTESIAN_POINT('',(0.406712500000016,0.0177420275090262,0.000200000000005095));
#4567=CARTESIAN_POINT('',(0.397212500000016,0.0092500000000291,0.000200000000005097));
#4568=CARTESIAN_POINT('',(0.406712500000019,0.0092500000000291,0.000200000000005097));
#4569=CARTESIAN_POINT('',(0.406712500000016,0.0177420275090262,0.000200000000005095));
#4570=CARTESIAN_POINT('',(0.405712500000016,0.0177420275090262,0.000200000000005095));
#4571=CARTESIAN_POINT('',(0.405712500000016,0.00925000000002546,0.000200000000005097));
#4572=CARTESIAN_POINT('',(0.397212500000016,0.0092500000000291,0.000200000000005097));
#4573=CARTESIAN_POINT('',(0.397212500000016,0.0082500000000291,0.000200000000005097));
#4574=CARTESIAN_POINT('',(0.405712500000016,0.0082500000000291,0.000200000000005097));
#4575=CARTESIAN_POINT('',(0.405712500000016,0.0177420275090262,0.000200000000005095));
#4576=CARTESIAN_POINT('',(0.405712500000016,0.0107500000000291,0.0133879740340523));
#4577=CARTESIAN_POINT('',(0.405712500000016,0.00925000000002183,0.0133879740340523));
#4578=CARTESIAN_POINT('',(0.405712500000016,0.0092500000000291,0.0133879740340523));
#4579=CARTESIAN_POINT('',(0.406712500000016,0.0092500000000291,0.0133879740340523));
#4580=CARTESIAN_POINT('',(0.406712500000023,0.0092500000000291,0.0133879740340523));
#4581=CARTESIAN_POINT('',(0.408212500000016,0.0092500000000291,0.0133879740340523));
#4582=CARTESIAN_POINT('',(0.404212500000016,0.0082500000000291,0.0133879740340523));
#4583=CARTESIAN_POINT('',(0.405712500000016,0.0082500000000291,0.0133879740340523));
#4584=CARTESIAN_POINT('',(0.405712500000016,0.0082500000000291,0.0133879740340523));
#4585=CARTESIAN_POINT('',(0.406712500000016,0.0067500000000291,0.0133879740340523));
#4586=CARTESIAN_POINT('',(0.466230241220542,0.00541274424956428,0.00840219908385351));
#4587=CARTESIAN_POINT('',(0.346194271859345,0.00541228874020342,0.00840242271170937));
#4588=CARTESIAN_POINT('',(0.344608553019458,0.00557817528500057,0.00867321326893069));
#4589=CARTESIAN_POINT('',(0.344507709294086,0.00558365869159928,0.00866803926579213));
#4590=CARTESIAN_POINT('',(0.344413229023591,0.00558559235863643,0.00859676782369896));
#4591=CARTESIAN_POINT('',(0.34438031043328,0.00558078962295676,0.00850124075774576));
#4592=CARTESIAN_POINT('',(0.344372746224746,0.00558155493885771,0.00850380890284835));
#4593=CARTESIAN_POINT('',(0.344380310433283,0.00558078962298626,0.00850124075774529));
#4594=CARTESIAN_POINT('',(0.344357399203347,0.00521357305680531,0.00854318992519694));
#4595=CARTESIAN_POINT('',(0.344525205840407,0.00432360072897104,0.00859772790798934));
#4596=CARTESIAN_POINT('',(0.345506640154863,0.00364325948207335,0.00858840372598803));
#4597=CARTESIAN_POINT('',(0.346115616506092,0.00360580141546032,0.00856009692051396));
#4598=CARTESIAN_POINT('',(0.344517121371329,0.015236561286838,0.00700784565596509));
#4599=CARTESIAN_POINT('',(0.344522940996234,0.0151513478671914,0.00703299430497831));
#4600=CARTESIAN_POINT('',(0.344531657551957,0.0149770107571749,0.00708157348175584));
#4601=CARTESIAN_POINT('',(0.344545858921669,0.0146271467791812,0.00717598126732454));
#4602=CARTESIAN_POINT('',(0.344568963352565,0.0138354380165038,0.00737948578971928));
#4603=CARTESIAN_POINT('',(0.344575278458251,0.0131260622932605,0.00754129673363969));
#4604=CARTESIAN_POINT('',(0.344573294113452,0.011249759585713,0.00793031296338449));
#4605=CARTESIAN_POINT('',(0.344530055529329,0.0094416452350124,0.00821302040889061));
#4606=CARTESIAN_POINT('',(0.344443840582491,0.00716616232816159,0.00842091714600164));
#4607=CARTESIAN_POINT('',(0.344402742781265,0.00625435538277816,0.00847425047539234));
#4608=CARTESIAN_POINT('',(0.34437891460937,0.00572549555208388,0.00849762435623843));
#4609=CARTESIAN_POINT('',(0.344375656163171,0.0056538922773907,0.00850055619728836));
#4610=CARTESIAN_POINT('',(0.344372746225104,0.00558155493946833,0.00850380890379524));
#4611=CARTESIAN_POINT('',(0.344540957766258,0.0152505194962359,0.00705208338450375));
#4612=CARTESIAN_POINT('',(0.344546886328724,0.0151649486018214,0.00707706068536939));
#4613=CARTESIAN_POINT('',(0.344555631615876,0.0149902403483211,0.007125688738432));
#4614=CARTESIAN_POINT('',(0.344569773610518,0.014639813964277,0.0072204528726345));
#4615=CARTESIAN_POINT('',(0.344592565293839,0.0138470703582789,0.00742514783672546));
#4616=CARTESIAN_POINT('',(0.344598464601364,0.0131368759470352,0.00758821800567066));
#4617=CARTESIAN_POINT('',(0.344595307496937,0.0112583957865936,0.00798045400240083));
#4618=CARTESIAN_POINT('',(0.34455086602658,0.00944811498979107,0.00826578773115343));
#4619=CARTESIAN_POINT('',(0.344463548680425,0.00716962045597757,0.00847579235689478));
#4620=CARTESIAN_POINT('',(0.344422087469378,0.00625655914094386,0.00852976719689038));
#4621=CARTESIAN_POINT('',(0.344398187314677,0.00572699162580102,0.00855327553301699));
#4622=CARTESIAN_POINT('',(0.34439493621244,0.00565529880151735,0.00855619880185629));
#4623=CARTESIAN_POINT('',(0.344392084311185,0.00558290280317306,0.00855936160026118));
#4624=CARTESIAN_POINT('',(0.344608793326981,0.0152727039345191,0.0071158448813923));
#4625=CARTESIAN_POINT('',(0.344614626546045,0.0151860695163632,0.00714052122057113));
#4626=CARTESIAN_POINT('',(0.344623417295094,0.0150108014739089,0.0071893259954869));
#4627=CARTESIAN_POINT('',(0.344637622570412,0.0146591581604225,0.00728472879924391));
#4628=CARTESIAN_POINT('',(0.344660726452061,0.0138646028742442,0.00749156631900425));
#4629=CARTESIAN_POINT('',(0.344666910577878,0.0131528799998778,0.00765688766685766));
#4630=CARTESIAN_POINT('',(0.34466437412407,0.0112706144264303,0.00805486201464841));
#4631=CARTESIAN_POINT('',(0.344620276282869,0.0094565618744673,0.00834516218620405));
#4632=CARTESIAN_POINT('',(0.344533034911783,0.00717321745018126,0.00855896092088101));
#4633=CARTESIAN_POINT('',(0.344491634065529,0.00625787062697782,0.00861429709131375));
#4634=CARTESIAN_POINT('',(0.344467685970758,0.00572747617881396,0.00863784406161526));
#4635=CARTESIAN_POINT('',(0.34446445551969,0.00565556170442869,0.00864081813787421));
#4636=CARTESIAN_POINT('',(0.344461591129209,0.00558325244397565,0.00864374205815604));
#4637=CARTESIAN_POINT('',(0.344699941698047,0.01528383065854,0.00713533676451913));
#4638=CARTESIAN_POINT('',(0.344705459434314,0.0151962196476597,0.00716006232614734));
#4639=CARTESIAN_POINT('',(0.344714229620586,0.0150203439443721,0.00720907853660309));
#4640=CARTESIAN_POINT('',(0.344728695879505,0.0146676599582133,0.00730488571868649));
#4641=CARTESIAN_POINT('',(0.344752955856409,0.0138715264081329,0.00751277011659559));
#4642=CARTESIAN_POINT('',(0.344760459096975,0.0131586117112529,0.00767905035856998));
#4643=CARTESIAN_POINT('',(0.3447613289939,0.0112735300596687,0.00807937404336062));
#4644=CARTESIAN_POINT('',(0.34472012081042,0.00945714211991435,0.00837156479961085));
#4645=CARTESIAN_POINT('',(0.344635212386886,0.00717119907631422,0.00858665777484155));
#4646=CARTESIAN_POINT('',(0.344594572405793,0.00625467503839172,0.00864246396118426));
#4647=CARTESIAN_POINT('',(0.34457074476016,0.00572404445429129,0.00866594628042094));
#4648=CARTESIAN_POINT('',(0.344567512728325,0.00565206764834147,0.00866894359286134));
#4649=CARTESIAN_POINT('',(0.344564532503326,0.00557999023474986,0.00867175698609864));
#4650=CARTESIAN_POINT('',(0.344738987987457,0.0152860623176239,0.00713470681780483));
#4651=CARTESIAN_POINT('',(0.344744381893823,0.0151981272992343,0.00715952887791265));
#4652=CARTESIAN_POINT('',(0.344753133908358,0.0150219858122291,0.00720862734419374));
#4653=CARTESIAN_POINT('',(0.344767716464452,0.0146689484356612,0.00730454457948564));
#4654=CARTESIAN_POINT('',(0.344792467033782,0.0138722321979731,0.00751260444199125));
#4655=CARTESIAN_POINT('',(0.34480053383582,0.0131589266540177,0.00767898302108927));
#4656=CARTESIAN_POINT('',(0.344802862630633,0.0112729366207277,0.00807950060798537));
#4657=CARTESIAN_POINT('',(0.344762877941303,0.00945594564727071,0.00837173933216661));
#4658=CARTESIAN_POINT('',(0.344678974551905,0.00716943308285408,0.00858679872348661));
#4659=CARTESIAN_POINT('',(0.344638649155157,0.00625270135003666,0.00864257342610926));
#4660=CARTESIAN_POINT('',(0.344614884869978,0.00572206258641381,0.00866603043750134));
#4661=CARTESIAN_POINT('',(0.344611647686608,0.0056501033941895,0.00866902343820473));
#4662=CARTESIAN_POINT('',(0.344608621446107,0.00557812809206371,0.00867182958668129));
#4663=CARTESIAN_POINT('',(0.344738987987454,0.0152860623176237,0.00713470681780489));
#4664=CARTESIAN_POINT('',(0.344647879978831,0.0152808551130943,0.00713617669347027));
#4665=CARTESIAN_POINT('',(0.344558835062454,0.015260988153284,0.00708526168090674));
#4666=CARTESIAN_POINT('',(0.344517121371329,0.015236561286838,0.00700784565596509));
#4667=CARTESIAN_POINT('',(0.344517121371328,0.0152365612868966,0.00700784565594822));
#4668=CARTESIAN_POINT('',(0.344517121371329,0.015236561286838,0.00700784565596509));
#4669=CARTESIAN_POINT('',(0.344569341094764,0.0144719379168559,0.00723350547385215));
#4670=CARTESIAN_POINT('',(0.344581630920703,0.0128637864281843,0.00761568971945903));
#4671=CARTESIAN_POINT('',(0.344557423962287,0.0104636580259849,0.00806052977387623));
#4672=CARTESIAN_POINT('',(0.344482706613816,0.00802471881485858,0.00836569884522629));
#4673=CARTESIAN_POINT('',(0.344405898823149,0.0064056861177353,0.00846675118335563));
#4674=CARTESIAN_POINT('',(0.344372746225104,0.00558155493946833,0.00850380890379524));
#4675=CARTESIAN_POINT('',(0.466189741176095,0.0170202798426544,0.0066043710513759));
#4676=CARTESIAN_POINT('',(0.466439971842734,0.0170202798426544,0.00660437105137693));
#4677=CARTESIAN_POINT('',(0.466940584825956,0.0168875154460766,0.00664847051620358));
#4678=CARTESIAN_POINT('',(0.467568313339514,0.016265237372987,0.00684829550640503));
#4679=CARTESIAN_POINT('',(0.467708263701916,0.0156488240333929,0.00703230741825743));
#4680=CARTESIAN_POINT('',(0.4676860120124,0.0152860623174929,0.00713470681817496));
#4681=CARTESIAN_POINT('',(0.466189741176095,0.0170729714345507,0.00658700117149011));
#4682=CARTESIAN_POINT('',(0.466449807396621,0.0170673123407396,0.00658875729129547));
#4683=CARTESIAN_POINT('',(0.466964452821976,0.0169231314457647,0.00663676927653257));
#4684=CARTESIAN_POINT('',(0.467607613872613,0.0162840510761598,0.00684246036384495));
#4685=CARTESIAN_POINT('',(0.467755809620834,0.0156556035152753,0.00703034472129936));
#4686=CARTESIAN_POINT('',(0.467738073731613,0.015283086772055,0.00713554674712604));
#4687=CARTESIAN_POINT('',(0.466189741176095,0.0171543490256081,0.00652480119475897));
#4688=CARTESIAN_POINT('',(0.466466922848231,0.01714147146319,0.00653685067234971));
#4689=CARTESIAN_POINT('',(0.467006196471964,0.0169796423944717,0.00659839467196146));
#4690=CARTESIAN_POINT('',(0.467676321986273,0.0163115875462972,0.00681462880619473));
#4691=CARTESIAN_POINT('',(0.467838962520083,0.0156607833035087,0.00700449735838327));
#4692=CARTESIAN_POINT('',(0.467828938763771,0.0152698632563479,0.00710856479667356));
#4693=CARTESIAN_POINT('',(0.466189741176098,0.0171874321037903,0.00643018047750906));
#4694=CARTESIAN_POINT('',(0.466477742938114,0.0171799781869995,0.00645613646048313));
#4695=CARTESIAN_POINT('',(0.467038372746607,0.0170135118095204,0.00653622809269912));
#4696=CARTESIAN_POINT('',(0.467730355563948,0.0163231011159296,0.00676131889966953));
#4697=CARTESIAN_POINT('',(0.467900362496221,0.0156518588107429,0.00694601497868413));
#4698=CARTESIAN_POINT('',(0.467890001332325,0.01524702994377,0.00704102395273744));
#4699=CARTESIAN_POINT('',(0.466189741176098,0.0171910587050152,0.00638872823580798));
#4700=CARTESIAN_POINT('',(0.466480640635004,0.0171883655459023,0.00641951118529132));
#4701=CARTESIAN_POINT('',(0.467049376825104,0.0170229140674928,0.00650714031201595));
#4702=CARTESIAN_POINT('',(0.467749236078515,0.0163247572437685,0.0067354539948328));
#4703=CARTESIAN_POINT('',(0.4679204217773,0.0156456591711976,0.00691714353689445));
#4704=CARTESIAN_POINT('',(0.467907878628521,0.0152365612867216,0.00700784565633394));
#4705=CARTESIAN_POINT('',(0.346235258823577,0.0171910587050443,0.0063887282353382));
#4706=CARTESIAN_POINT('',(0.34608980909413,0.0171897121254879,0.00640411971007895));
#4707=CARTESIAN_POINT('',(0.345656429844701,0.0171272501296407,0.00645958282308822));
#4708=CARTESIAN_POINT('',(0.345036533783506,0.0167560110101913,0.00659941883863657));
#4709=CARTESIAN_POINT('',(0.344594726569576,0.0160510796925664,0.00681061915469185));
#4710=CARTESIAN_POINT('',(0.34450875927215,0.015509293209936,0.00694737757629007));
#4711=CARTESIAN_POINT('',(0.344517121371326,0.0152365612869762,0.00700784565593125));
#4712=CARTESIAN_POINT('',(0.346235258823577,0.0171862232367421,0.00644399789093499));
#4713=CARTESIAN_POINT('',(0.346091729671836,0.0171816615314456,0.00645615003355092));
#4714=CARTESIAN_POINT('',(0.345665866139854,0.0171139921879294,0.00650263272850303));
#4715=CARTESIAN_POINT('',(0.345056705290586,0.016747302507858,0.00663514759059594));
#4716=CARTESIAN_POINT('',(0.344620794125476,0.01605293350172,0.00684641020520243));
#4717=CARTESIAN_POINT('',(0.344534564097201,0.0155194615988003,0.00698775113473096));
#4718=CARTESIAN_POINT('',(0.344540957766254,0.0152505194963742,0.00705208338446625));
#4719=CARTESIAN_POINT('',(0.346235258823577,0.0171443225234761,0.00653746167887789));
#4720=CARTESIAN_POINT('',(0.346097864404266,0.0171381745670078,0.00654231364546141));
#4721=CARTESIAN_POINT('',(0.345689991154934,0.0170712781702387,0.00657068647222947));
#4722=CARTESIAN_POINT('',(0.345102309394861,0.0167191974185771,0.00668960538252388));
#4723=CARTESIAN_POINT('',(0.344681992837192,0.016046972372751,0.00689871013328108));
#4724=CARTESIAN_POINT('',(0.344601444003176,0.0155314757885935,0.00704584977305766));
#4725=CARTESIAN_POINT('',(0.344608793326977,0.01527270393465,0.00711584488134996));
#4726=CARTESIAN_POINT('',(0.346235258823577,0.0170597985366257,0.00659134364097892));
#4727=CARTESIAN_POINT('',(0.346106462666405,0.0170577056305992,0.00659202097284311));
#4728=CARTESIAN_POINT('',(0.345720645250876,0.0170041975226195,0.00660968318360424));
#4729=CARTESIAN_POINT('',(0.345156622253944,0.0166739030251047,0.006718185000448));
#4730=CARTESIAN_POINT('',(0.344756487719882,0.0160264835326234,0.00692064133836694));
#4731=CARTESIAN_POINT('',(0.344687345732626,0.0155305471937099,0.00706569751022934));
#4732=CARTESIAN_POINT('',(0.344699941698029,0.0152838306586709,0.00713533676447706));
#4733=CARTESIAN_POINT('',(0.346235258823577,0.0170202798427053,0.00660437105089461));
#4734=CARTESIAN_POINT('',(0.346110143490263,0.0170202798427053,0.00660437105089439));
#4735=CARTESIAN_POINT('',(0.345733777570586,0.0169732976700179,0.006619845107543));
#4736=CARTESIAN_POINT('',(0.345179898174109,0.0166527280652663,0.00672492516606606));
#4737=CARTESIAN_POINT('',(0.344788411089547,0.0160158130936106,0.00692381966559905));
#4738=CARTESIAN_POINT('',(0.344724153527772,0.0155279034616542,0.00706644055113896));
#4739=CARTESIAN_POINT('',(0.344738987987439,0.0152860623177476,0.00713470681776418));
#4740=CARTESIAN_POINT('',(0.346235258823198,0.0171910587050408,0.00638872823537824));
#4741=CARTESIAN_POINT('',(0.345726184770204,0.0171863456764758,0.00644259839698299));
#4742=CARTESIAN_POINT('',(0.344781935506432,0.0166724168922584,0.00663819651895341));
#4743=CARTESIAN_POINT('',(0.34450248769777,0.0157138421520967,0.0069020265165723));
#4744=CARTESIAN_POINT('',(0.344517121371326,0.0152365612869762,0.00700784565593125));
#4745=CARTESIAN_POINT('',(0.467265911495022,0.00420051983568712,0.00793144980651881));
#4746=CARTESIAN_POINT('',(0.46727406082472,0.00419137469301684,0.00790972944033483));
#4747=CARTESIAN_POINT('',(0.467282210154418,0.00418222955034655,0.00788800907415085));
#4748=CARTESIAN_POINT('',(0.467290359484116,0.00417308440767627,0.00786628870796688));
#4749=CARTESIAN_POINT('',(0.46827480389906,0.00306834512734715,0.00524245411383433));
#4750=CARTESIAN_POINT('',(0.469259558779737,0.00195904767102032,0.00262069890380549));
#4751=CARTESIAN_POINT('',(0.470244239905969,0.000847232723936031,3.02646796512818E-15));
#4752=CARTESIAN_POINT('',(0.46727655574042,0.00826788631243265,0.00722428027680536));
#4753=CARTESIAN_POINT('',(0.467284700647841,0.00826212904804278,0.00720434806187546));
#4754=CARTESIAN_POINT('',(0.467292845555263,0.00825637178365291,0.00718441584694555));
#4755=CARTESIAN_POINT('',(0.467300990462684,0.00825061451926305,0.00716448363201565));
#4756=CARTESIAN_POINT('',(0.468284900663707,0.00755513317489935,0.00475665889150354));
#4757=CARTESIAN_POINT('',(0.46926941284108,0.00685418666004599,0.00235072634352896));
#4758=CARTESIAN_POINT('',(0.470253778085108,0.00615038828978804,-5.42334523417976E-5));
#4759=CARTESIAN_POINT('',(0.467290592764084,0.0123340982649785,0.0065101713290182));
#4760=CARTESIAN_POINT('',(0.467298731782138,0.0123317338080201,0.00649203353568599));
#4761=CARTESIAN_POINT('',(0.467306870800193,0.0123293693510617,0.00647389574235378));
#4762=CARTESIAN_POINT('',(0.467315009818248,0.0123270048941033,0.00645575794902156));
#4763=CARTESIAN_POINT('',(0.468298208579863,0.0120413769304111,0.00426470052378345));
#4764=CARTESIAN_POINT('',(0.469282197838832,0.0117490950156866,0.00207527697746405));
#4765=CARTESIAN_POINT('',(0.470266064406805,0.0114535169557731,-0.000113421995327046));
#4766=CARTESIAN_POINT('',(0.467317071753563,0.0163978458082715,0.00578125021589894));
#4767=CARTESIAN_POINT('',(0.467325184620443,0.0163988861728991,0.00576492909106358));
#4768=CARTESIAN_POINT('',(0.467333297487323,0.0163999265375266,0.00574860796622823));
#4769=CARTESIAN_POINT('',(0.467341410354203,0.0164009669021542,0.00573228684139287));
#4770=CARTESIAN_POINT('',(0.468321450036662,0.016526643636941,0.00376068417155614));
#4771=CARTESIAN_POINT('',(0.469303356783363,0.0166435865366455,0.00178959219554359));
#4772=CARTESIAN_POINT('',(0.470285648606468,0.0167565973802526,-0.000181496867842533));
#4773=CARTESIAN_POINT('',(0.468527718894527,0.00842499999999227,0.00407266216811793));
#4774=CARTESIAN_POINT('',(0.468123044144994,0.00842499999999243,0.00506407165893151));
#4775=CARTESIAN_POINT('',(0.467724344162049,0.00842499999999259,0.00605787448726627));
#4776=CARTESIAN_POINT('',(0.467333191204427,0.00842499999999275,0.00705470045945243));
#4777=CARTESIAN_POINT('',(0.468527775153238,0.00842500999357876,0.00407268513186817));
#4778=CARTESIAN_POINT('',(0.468503878475412,0.0090750000054618,0.00407267212794902));
#4779=CARTESIAN_POINT('',(0.468511944373389,0.00885834035878678,0.00407267212794902));
#4780=CARTESIAN_POINT('',(0.468519887713115,0.00864167621773806,0.00407267212794902));
#4781=CARTESIAN_POINT('',(0.468527714547193,0.00842500780427274,0.00407267212794902));
#4782=CARTESIAN_POINT('',(0.468503878326444,0.00907499999999895,0.00407267212794903));
#4783=CARTESIAN_POINT('',(0.467322056023876,0.0090749999999977,0.00697680735340821));
#4784=CARTESIAN_POINT('',(0.467709656515363,0.00907499999999754,0.0060061821363314));
#4785=CARTESIAN_POINT('',(0.468104080743235,0.00907499999999742,0.00503833380281993));
#4786=CARTESIAN_POINT('',(0.468503878454107,0.00907499999999725,0.00407267217990067));
#4787=CARTESIAN_POINT('',(0.346252869337677,0.00372506014273677,0.00880266480776185));
#4788=CARTESIAN_POINT('',(0.344622746225123,0.00240004009516269,0.00586844320517566));
#4789=CARTESIAN_POINT('',(0.342992623112572,0.00107502004758135,0.00293422160258948));
#4790=CARTESIAN_POINT('',(0.341362500000017,-0.000249999999992724,3.30491189970417E-15));
#4791=CARTESIAN_POINT('',(0.34597160357776,0.00372506014273677,0.00880266480776235));
#4792=CARTESIAN_POINT('',(0.344422752349277,0.00240011515888182,0.00586842924108702));
#4793=CARTESIAN_POINT('',(0.342873951315956,0.00107494498386222,0.00293423556667863));
#4794=CARTESIAN_POINT('',(0.341325100087473,-0.000249999999992724,3.30491189970417E-15));
#4795=CARTESIAN_POINT('',(0.345409284536512,0.00385192836634815,0.00878224174074541));
#4796=CARTESIAN_POINT('',(0.344022985835421,0.00249035123756039,0.00585482084462544));
#4797=CARTESIAN_POINT('',(0.342636627216758,0.00112866150520131,0.00292742089612328));
#4798=CARTESIAN_POINT('',(0.341250328515667,-0.00023291562358645,3.30491189970417E-15));
#4799=CARTESIAN_POINT('',(0.34473256699492,0.00438452946239704,0.00869650437035607));
#4800=CARTESIAN_POINT('',(0.34354179794031,0.00286931672449282,0.00579766427570332));
#4801=CARTESIAN_POINT('',(0.342351114428071,0.00135401844327134,0.00289884009465605));
#4802=CARTESIAN_POINT('',(0.341160345373461,-0.000161194294632878,3.30491189970417E-15));
#4803=CARTESIAN_POINT('',(0.344419857234978,0.00502602485285752,0.00859323735062294));
#4804=CARTESIAN_POINT('',(0.343319522818067,0.0033257538416583,0.00572882360933628));
#4805=CARTESIAN_POINT('',(0.342219098768648,0.00162546200989891,0.00286441374128996));
#4806=CARTESIAN_POINT('',(0.341118764351737,-7.48090013003093E-5,3.30446781049432E-15));
#4807=CARTESIAN_POINT('',(0.344372746225112,0.00544268945342628,0.00852616327313575));
#4808=CARTESIAN_POINT('',(0.343285945853044,0.00362222023930372,0.00568410997936665));
#4809=CARTESIAN_POINT('',(0.342199300372082,0.00180176925785781,0.00284205329377241));
#4810=CARTESIAN_POINT('',(0.341112500000014,-1.86999562647543E-5,3.30491189970417E-15));
#4811=CARTESIAN_POINT('',(0.344372746225112,0.00558155493949744,0.00850380890379302));
#4812=CARTESIAN_POINT('',(0.343285997483414,0.0037210366263389,0.00566920593586311));
#4813=CARTESIAN_POINT('',(0.342199248741712,0.00186051831316581,0.00283460296793321));
#4814=CARTESIAN_POINT('',(0.341112500000014,7.27595761418343E-15,3.30491189970417E-15));
#4815=CARTESIAN_POINT('',(0.342742623112563,0.00279077746975235,0.00425190445189816));
#4816=CARTESIAN_POINT('',(0.344574932365424,0.00592769844282157,0.00903117775311995));
#4817=CARTESIAN_POINT('',(0.34342078824362,0.00395179896188347,0.00602078516874773));
#4818=CARTESIAN_POINT('',(0.342266644121817,0.00197589948094537,0.00301039258437552));
#4819=CARTESIAN_POINT('',(0.341112500000014,7.27595761418343E-15,3.30491189970417E-15));
#4820=CARTESIAN_POINT('',(0.344574932365424,0.0069519218110072,0.00886499292964497));
#4821=CARTESIAN_POINT('',(0.34342078824362,0.00467824777192436,0.00590999528643108));
#4822=CARTESIAN_POINT('',(0.342266644121817,0.00240457373284153,0.00295499764321719));
#4823=CARTESIAN_POINT('',(0.341112500000014,0.000130899693758693,3.30491189970417E-15));
#4824=CARTESIAN_POINT('',(0.344574932365424,0.0141739043814741,0.00729302477561725));
#4825=CARTESIAN_POINT('',(0.34342078824362,0.0152389696897371,0.00486201651707927));
#4826=CARTESIAN_POINT('',(0.342266644121817,0.0163040349980074,0.00243100825854128));
#4827=CARTESIAN_POINT('',(0.341112500000014,0.0173691003062704,3.30491189970417E-15));
#4828=CARTESIAN_POINT('',(0.344574932365424,0.0151981277496598,0.00712683995214337));
#4829=CARTESIAN_POINT('',(0.34342078824362,0.0159654184997707,0.00475122663476334));
#4830=CARTESIAN_POINT('',(0.342266644121817,0.0167327092498963,0.00237561331738333));
#4831=CARTESIAN_POINT('',(0.341112500000014,0.0175000000000073,3.30491189970417E-15));
#4832=CARTESIAN_POINT('',(0.342843716182719,0.0163490638748157,0.0035634199760759));
#4833=CARTESIAN_POINT('',(0.344517121371329,0.015236561286838,0.00700784565596663));
#4834=CARTESIAN_POINT('',(0.343382247580892,0.0159910408578944,0.00467189710397886));
#4835=CARTESIAN_POINT('',(0.342247373790451,0.0167455204289508,0.00233594855199108));
#4836=CARTESIAN_POINT('',(0.341112500000014,0.0175000000000073,3.30491189970417E-15));
#4837=CARTESIAN_POINT('',(0.344517121371329,0.0153807481243421,0.00698450135668632));
#4838=CARTESIAN_POINT('',(0.343382193664147,0.0160934050816941,0.0046563330571163));
#4839=CARTESIAN_POINT('',(0.342247427707196,0.0168060429989273,0.00232816829957333));
#4840=CARTESIAN_POINT('',(0.341112500000014,0.0175186999562793,3.30491189970417E-15));
#4841=CARTESIAN_POINT('',(0.344566041214668,0.0158133793907837,0.0069144570035667));
#4842=CARTESIAN_POINT('',(0.343416980127633,0.0164005153468897,0.00460963935061471));
#4843=CARTESIAN_POINT('',(0.34226782543879,0.0169876730452524,0.0023048176529553));
#4844=CARTESIAN_POINT('',(0.341118764351755,0.0175748090013585,3.30580007812387E-15));
#4845=CARTESIAN_POINT('',(0.344890757506782,0.0164794570049271,0.00680661695770742));
#4846=CARTESIAN_POINT('',(0.343647257018863,0.0168733396578464,0.00453775017788387));
#4847=CARTESIAN_POINT('',(0.342403845861394,0.0172673116418009,0.00226886677982686));
#4848=CARTESIAN_POINT('',(0.341160345373475,0.0176611942947202,3.30491189970417E-15));
#4849=CARTESIAN_POINT('',(0.345593457706993,0.0170324674750882,0.00671708283556723));
#4850=CARTESIAN_POINT('',(0.34414576883355,0.0172659109948654,0.0044780625154175));
#4851=CARTESIAN_POINT('',(0.342698017389121,0.0174994721039329,0.00223902032015303));
#4852=CARTESIAN_POINT('',(0.341250328515678,0.01773291562371,3.30491189970417E-15));
#4853=CARTESIAN_POINT('',(0.346177367061402,0.0171641973119331,0.00669575536359535));
#4854=CARTESIAN_POINT('',(0.344559927264097,0.0173593864868162,0.00446385149153252));
#4855=CARTESIAN_POINT('',(0.342942539884778,0.0175548108251242,0.00223190387206613));
#4856=CARTESIAN_POINT('',(0.341325100087473,0.0177500000000073,3.30491189970417E-15));
#4857=CARTESIAN_POINT('',(0.346469432057002,0.0171641973119331,0.00669575536359569));
#4858=CARTESIAN_POINT('',(0.34476712137134,0.0173594648746293,0.0044638369090649));
#4859=CARTESIAN_POINT('',(0.343064810685679,0.017554732437311,0.0022319184545341));
#4860=CARTESIAN_POINT('',(0.341362500000017,0.0177500000000073,3.30491189970417E-15));
#4861=CARTESIAN_POINT('',(0.463862500000017,0.0082500000000291,0.0133879740340523));
#4862=CARTESIAN_POINT('',(0.462862500000017,0.0082500000000291,0.0133879740340523));
#4863=CARTESIAN_POINT('',(0.462862500000019,0.0082500000000291,0.0133879740340523));
#4864=CARTESIAN_POINT('',(0.461362500000017,0.0082500000000291,0.0133879740340523));
#4865=CARTESIAN_POINT('',(0.463862500000017,0.0092500000000291,0.0133879740340523));
#4866=CARTESIAN_POINT('',(0.463362500000017,0.0087500000000291,0.0133879740340523));
#4867=CARTESIAN_POINT('',(0.463362500000017,0.0117500000000291,0.0133879740340523));
#4868=CARTESIAN_POINT('',(0.463362500000017,0.0117500000000291,0.00407267212794902));
#4869=CARTESIAN_POINT('',(0.463362500000017,0.0087500000000291,0.00407267212794902));
#4870=CARTESIAN_POINT('',(0.463687500000018,0.0117323438769151,0.00407267212794902));
#4871=CARTESIAN_POINT('',(0.463687500000018,0.0117323438769151,0.00654576665566258));
#4872=CARTESIAN_POINT('',(0.466344843876906,0.00907499999999815,0.00407267212794901));
#4873=CARTESIAN_POINT('',(0.466344843876906,0.0090749999999994,0.00407267212794901));
#4874=CARTESIAN_POINT('',(0.463362500000017,0.0087500000000291,0.00407267212794901));
#4875=CARTESIAN_POINT('',(0.466344843876901,0.00842499999999315,0.00407267212794901));
#4876=CARTESIAN_POINT('',(0.466344843876903,0.00842499999999315,0.00632267212794902));
#4877=CARTESIAN_POINT('',(0.463687500000018,0.00576765612314193,0.00632267212794902));
#4878=CARTESIAN_POINT('',(0.463687500000018,0.00576765612314252,0.00407267212794902));
#4879=CARTESIAN_POINT('',(0.463362500000017,0.0087500000000291,0.00407267212794902));
#4880=CARTESIAN_POINT('',(0.463037500798903,0.00576765658225395,0.00407267212794902));
#4881=CARTESIAN_POINT('',(0.463037501148116,0.00576765715292448,0.00726263906346088));
#4882=CARTESIAN_POINT('',(0.460380156123134,0.00842499999999557,0.00632267212794902));
#4883=CARTESIAN_POINT('',(0.460380156123101,0.00907500000000065,0.00697682062097733));
#4884=CARTESIAN_POINT('',(0.463037500000017,0.0117323438769152,0.00407267212794902));
#4885=CARTESIAN_POINT('',(0.463037500000017,0.0117323438769152,0.00407267212794902));
#4886=CARTESIAN_POINT('',(0.463362500000017,0.0087500000000291,0.00407267212794902));
#4887=CARTESIAN_POINT('',(0.406212500000009,0.00907500000001892,0.00407267212794902));
#4888=CARTESIAN_POINT('',(0.463687500000018,0.00907500000001892,0.00407267212794902));
#4889=CARTESIAN_POINT('',(0.463037500000017,0.00907500000001892,0.00407267212794902));
#4890=CARTESIAN_POINT('',(0.463687500000018,0.00875000000001455,0.00632267212794902));
#4891=CARTESIAN_POINT('',(0.463037500000017,0.00875000000001455,0.00632267212794902));
#4892=CARTESIAN_POINT('',(0.406212500000009,0.00907500000001892,0.00407267212794902));
#4893=CARTESIAN_POINT('',(0.463037500000017,0.00907500000001892,0.00407267212794902));
#4894=CARTESIAN_POINT('',(0.463687500000018,0.00907500000001892,0.00407267212794902));
#4895=CARTESIAN_POINT('',(0.463037500000017,0.00875000000001455,0.00632267212794902));
#4896=CARTESIAN_POINT('',(0.463687500000018,0.00875000000001455,0.00632267212794902));
#4897=CARTESIAN_POINT('',(0.429843759617544,0.00907500000001346,0.00772892212794902));
#4898=CARTESIAN_POINT('',(0.406212500000009,0.00842500000001746,0.00632267212794902));
#4899=CARTESIAN_POINT('',(0.443987500000017,0.00875000000001455,0.00632267212794902));
#4900=CARTESIAN_POINT('',(0.443987500000008,0.00907500000000753,0.00697682062098979));
#4901=CARTESIAN_POINT('',(0.443987500000017,0.00875000000001455,0.00632267212794902));
#4902=CARTESIAN_POINT('',(0.443987500000017,0.00842500000000219,0.00632267212794902));
#4903=CARTESIAN_POINT('',(0.429843759617544,0.00907500000001346,0.00772892212794902));
#4904=CARTESIAN_POINT('',(0.425587500000007,0.00907500000001525,0.00369997212794902));
#4905=CARTESIAN_POINT('',(0.406212500000009,0.00842500000001746,0.00632267212794902));
#4906=CARTESIAN_POINT('',(0.4255875,0.00842500000000963,0.00632267212794902));
#4907=CARTESIAN_POINT('',(0.425587500000016,0.00875000000001455,0.00632267212794902));
#4908=CARTESIAN_POINT('',(0.425587500000016,0.00875000000001455,0.00632267212794902));
#4909=CARTESIAN_POINT('',(0.424937500000015,0.00875000000001455,0.00632267212794902));
#4910=CARTESIAN_POINT('',(0.424937500000097,0.00907500000001552,0.00697682062100319));
#4911=CARTESIAN_POINT('',(0.424937500000015,0.00875000000001455,0.00632267212794902));
#4912=CARTESIAN_POINT('',(0.424937500000015,0.00842500000000989,0.00632267212794902));
#4913=CARTESIAN_POINT('',(0.429843759617544,0.00907500000001346,0.00772892212794902));
#4914=CARTESIAN_POINT('',(0.406212500000009,0.00842500000001746,0.00632267212794902));
#4915=CARTESIAN_POINT('',(0.429843759617544,0.00907500000001346,0.00772892212794902));
#4916=CARTESIAN_POINT('',(0.406212500000009,0.00907500000000065,0.00407267212794902));
#4917=CARTESIAN_POINT('',(0.406212500000009,0.00842500000001746,0.00632267212794902));
#4918=CARTESIAN_POINT('',(0.406212500000008,0.00842500000001746,0.00407267212794902));
#4919=CARTESIAN_POINT('',(0.406212500000009,0.00907500000001892,0.00407267212794902));
#4920=MECHANICAL_DESIGN_GEOMETRIC_PRESENTATION_REPRESENTATION('',(#2578),
#4921);
#4921=(
GEOMETRIC_REPRESENTATION_CONTEXT(3)
GLOBAL_UNCERTAINTY_ASSIGNED_CONTEXT((#4922))
GLOBAL_UNIT_ASSIGNED_CONTEXT((#4925,#4924,#4923))
REPRESENTATION_CONTEXT('4D8','TOP_LEVEL_ASSEMBLY_PART')
);
#4922=UNCERTAINTY_MEASURE_WITH_UNIT(LENGTH_MEASURE(2.E-5),#4925,
'DISTANCE_ACCURACY_VALUE','Maximum Tolerance applied to model');
#4923=(
NAMED_UNIT(*)
SI_UNIT($,.STERADIAN.)
SOLID_ANGLE_UNIT()
);
#4924=(
NAMED_UNIT(*)
PLANE_ANGLE_UNIT()
SI_UNIT($,.RADIAN.)
);
#4925=(
LENGTH_UNIT()
NAMED_UNIT(*)
SI_UNIT($,.METRE.)
);
#4926=PRODUCT_DEFINITION_SHAPE('','',#4927);
#4927=PRODUCT_DEFINITION('','',#4929,#4928);
#4928=PRODUCT_DEFINITION_CONTEXT('',#4935,'design');
#4929=PRODUCT_DEFINITION_FORMATION_WITH_SPECIFIED_SOURCE('','',#4931,
 .NOT_KNOWN.);
#4930=PRODUCT_RELATED_PRODUCT_CATEGORY('','',(#4931));
#4931=PRODUCT('4D8','4D8','4D8',(#4933));
#4932=PRODUCT_CATEGORY('','');
#4933=PRODUCT_CONTEXT('',#4935,'mechanical');
#4934=APPLICATION_PROTOCOL_DEFINITION('international standard',
'ap242_managed_model_based_3d_engineering',2020,#4935);
#4935=APPLICATION_CONTEXT('managed model based 3d engineering');
ENDSEC;
END-ISO-10303-21;
